Id,Id2,Geography,Total; Estimate; Total households,Total; Margin of Error; Total households,Percent; Estimate; Total households,Percent; Margin of Error; Total households,Total; Estimate; TYPES OF COMPUTER - Has one or more types of computing devices:,Total; Margin of Error; TYPES OF COMPUTER - Has one or more types of computing devices:,Percent; Estimate; TYPES OF COMPUTER - Has one or more types of computing devices:,Percent; Margin of Error; TYPES OF COMPUTER - Has one or more types of computing devices:,Total; Estimate; TYPES OF COMPUTER - Has one or more types of computing devices: - Desktop or laptop,Total; Margin of Error; TYPES OF COMPUTER - Has one or more types of computing devices: - Desktop or laptop,Percent; Estimate; TYPES OF COMPUTER - Has one or more types of computing devices: - Desktop or laptop,Percent; Margin of Error; TYPES OF COMPUTER - Has one or more types of computing devices: - Desktop or laptop,Total; Estimate; TYPES OF COMPUTER - Has one or more types of computing devices: - Desktop or laptop - Desktop or laptop with no other type of computing device,Total; Margin of Error; TYPES OF COMPUTER - Has one or more types of computing devices: - Desktop or laptop - Desktop or laptop with no other type of computing device,Percent; Estimate; TYPES OF COMPUTER - Has one or more types of computing devices: - Desktop or laptop - Desktop or laptop with no other type of computing device,Percent; Margin of Error; TYPES OF COMPUTER - Has one or more types of computing devices: - Desktop or laptop - Desktop or laptop with no other type of computing device,Total; Estimate; TYPES OF COMPUTER - Has one or more types of computing devices: - Smartphone,Total; Margin of Error; TYPES OF COMPUTER - Has one or more types of computing devices: - Smartphone,Percent; Estimate; TYPES OF COMPUTER - Has one or more types of computing devices: - Smartphone,Percent; Margin of Error; TYPES OF COMPUTER - Has one or more types of computing devices: - Smartphone,Total; Estimate; TYPES OF COMPUTER - Has one or more types of computing devices: - Smartphone - Smartphone with no other type of computing device,Total; Margin of Error; TYPES OF COMPUTER - Has one or more types of computing devices: - Smartphone - Smartphone with no other type of computing device,Percent; Estimate; TYPES OF COMPUTER - Has one or more types of computing devices: - Smartphone - Smartphone with no other type of computing device,Percent; Margin of Error; TYPES OF COMPUTER - Has one or more types of computing devices: - Smartphone - Smartphone with no other type of computing device,Total; Estimate; TYPES OF COMPUTER - Has one or more types of computing devices: - Tablet or other portable wireless computer,Total; Margin of Error; TYPES OF COMPUTER - Has one or more types of computing devices: - Tablet or other portable wireless computer,Percent; Estimate; TYPES OF COMPUTER - Has one or more types of computing devices: - Tablet or other portable wireless computer,Percent; Margin of Error; TYPES OF COMPUTER - Has one or more types of computing devices: - Tablet or other portable wireless computer,Total; Estimate; TYPES OF COMPUTER - Has one or more types of computing devices: - Tablet or other portable wireless computer - Tablet or other portable wireless computer with no other type of computing device,Total; Margin of Error; TYPES OF COMPUTER - Has one or more types of computing devices: - Tablet or other portable wireless computer - Tablet or other portable wireless computer with no other type of computing device,Percent; Estimate; TYPES OF COMPUTER - Has one or more types of computing devices: - Tablet or other portable wireless computer - Tablet or other portable wireless computer with no other type of computing device,Percent; Margin of Error; TYPES OF COMPUTER - Has one or more types of computing devices: - Tablet or other portable wireless computer - Tablet or other portable wireless computer with no other type of computing device,Total; Estimate; TYPES OF COMPUTER - Has one or more types of computing devices: - Other computer,Total; Margin of Error; TYPES OF COMPUTER - Has one or more types of computing devices: - Other computer,Percent; Estimate; TYPES OF COMPUTER - Has one or more types of computing devices: - Other computer,Percent; Margin of Error; TYPES OF COMPUTER - Has one or more types of computing devices: - Other computer,Total; Estimate; TYPES OF COMPUTER - Has one or more types of computing devices: - Other computer - Other computer with no other type of computing device,Total; Margin of Error; TYPES OF COMPUTER - Has one or more types of computing devices: - Other computer - Other computer with no other type of computing device,Percent; Estimate; TYPES OF COMPUTER - Has one or more types of computing devices: - Other computer - Other computer with no other type of computing device,Percent; Margin of Error; TYPES OF COMPUTER - Has one or more types of computing devices: - Other computer - Other computer with no other type of computing device,Total; Estimate; TYPES OF COMPUTER - No computer,Total; Margin of Error; TYPES OF COMPUTER - No computer,Percent; Estimate; TYPES OF COMPUTER - No computer,Percent; Margin of Error; TYPES OF COMPUTER - No computer,Total; Estimate; TYPE OF INTERNET SUBSCRIPTIONS - With an Internet subscription:,Total; Margin of Error; TYPE OF INTERNET SUBSCRIPTIONS - With an Internet subscription:,Percent; Estimate; TYPE OF INTERNET SUBSCRIPTIONS - With an Internet subscription:,Percent; Margin of Error; TYPE OF INTERNET SUBSCRIPTIONS - With an Internet subscription:,Total; Estimate; TYPE OF INTERNET SUBSCRIPTIONS - With an Internet subscription: - Dial-up with no other type of Internet subscription,Total; Margin of Error; TYPE OF INTERNET SUBSCRIPTIONS - With an Internet subscription: - Dial-up with no other type of Internet subscription,Percent; Estimate; TYPE OF INTERNET SUBSCRIPTIONS - With an Internet subscription: - Dial-up with no other type of Internet subscription,Percent; Margin of Error; TYPE OF INTERNET SUBSCRIPTIONS - With an Internet subscription: - Dial-up with no other type of Internet subscription,Total; Estimate; TYPE OF INTERNET SUBSCRIPTIONS - With an Internet subscription: - Broadband of any type,Total; Margin of Error; TYPE OF INTERNET SUBSCRIPTIONS - With an Internet subscription: - Broadband of any type,Percent; Estimate; TYPE OF INTERNET SUBSCRIPTIONS - With an Internet subscription: - Broadband of any type,Percent; Margin of Error; TYPE OF INTERNET SUBSCRIPTIONS - With an Internet subscription: - Broadband of any type,Total; Estimate; TYPE OF INTERNET SUBSCRIPTIONS - With an Internet subscription: - Broadband of any type - Cellular data plan,Total; Margin of Error; TYPE OF INTERNET SUBSCRIPTIONS - With an Internet subscription: - Broadband of any type - Cellular data plan,Percent; Estimate; TYPE OF INTERNET SUBSCRIPTIONS - With an Internet subscription: - Broadband of any type - Cellular data plan,Percent; Margin of Error; TYPE OF INTERNET SUBSCRIPTIONS - With an Internet subscription: - Broadband of any type - Cellular data plan,Total; Estimate; TYPE OF INTERNET SUBSCRIPTIONS - With an Internet subscription: - Broadband of any type - Cellular data plan - Cellular data plan with no other type of Internet subscription,Total; Margin of Error; TYPE OF INTERNET SUBSCRIPTIONS - With an Internet subscription: - Broadband of any type - Cellular data plan - Cellular data plan with no other type of Internet subscription,Percent; Estimate; TYPE OF INTERNET SUBSCRIPTIONS - With an Internet subscription: - Broadband of any type - Cellular data plan - Cellular data plan with no other type of Internet subscription,Percent; Margin of Error; TYPE OF INTERNET SUBSCRIPTIONS - With an Internet subscription: - Broadband of any type - Cellular data plan - Cellular data plan with no other type of Internet subscription,"Total; Estimate; TYPE OF INTERNET SUBSCRIPTIONS - With an Internet subscription: - Broadband of any type - Broadband such as cable, fiber optic or DSL","Total; Margin of Error; TYPE OF INTERNET SUBSCRIPTIONS - With an Internet subscription: - Broadband of any type - Broadband such as cable, fiber optic or DSL","Percent; Estimate; TYPE OF INTERNET SUBSCRIPTIONS - With an Internet subscription: - Broadband of any type - Broadband such as cable, fiber optic or DSL","Percent; Margin of Error; TYPE OF INTERNET SUBSCRIPTIONS - With an Internet subscription: - Broadband of any type - Broadband such as cable, fiber optic or DSL",Total; Estimate; TYPE OF INTERNET SUBSCRIPTIONS - With an Internet subscription: - Broadband of any type - Satellite Internet service,Total; Margin of Error; TYPE OF INTERNET SUBSCRIPTIONS - With an Internet subscription: - Broadband of any type - Satellite Internet service,Percent; Estimate; TYPE OF INTERNET SUBSCRIPTIONS - With an Internet subscription: - Broadband of any type - Satellite Internet service,Percent; Margin of Error; TYPE OF INTERNET SUBSCRIPTIONS - With an Internet subscription: - Broadband of any type - Satellite Internet service,Total; Estimate; TYPE OF INTERNET SUBSCRIPTIONS - Without an Internet subscription,Total; Margin of Error; TYPE OF INTERNET SUBSCRIPTIONS - Without an Internet subscription,Percent; Estimate; TYPE OF INTERNET SUBSCRIPTIONS - Without an Internet subscription,Percent; Margin of Error; TYPE OF INTERNET SUBSCRIPTIONS - Without an Internet subscription,"Total; Estimate; HOUSEHOLD INCOME IN THE PAST 12 MONTHS (IN 2017 INFLATION-ADJUSTED DOLLARS) - Less than $20,000:","Total; Margin of Error; HOUSEHOLD INCOME IN THE PAST 12 MONTHS (IN 2017 INFLATION-ADJUSTED DOLLARS) - Less than $20,000:","Percent; Estimate; HOUSEHOLD INCOME IN THE PAST 12 MONTHS (IN 2017 INFLATION-ADJUSTED DOLLARS) - Less than $20,000:","Percent; Margin of Error; HOUSEHOLD INCOME IN THE PAST 12 MONTHS (IN 2017 INFLATION-ADJUSTED DOLLARS) - Less than $20,000:","Total; Estimate; HOUSEHOLD INCOME IN THE PAST 12 MONTHS (IN 2017 INFLATION-ADJUSTED DOLLARS) - Less than $20,000: - With dial-up Internet subscription alone","Total; Margin of Error; HOUSEHOLD INCOME IN THE PAST 12 MONTHS (IN 2017 INFLATION-ADJUSTED DOLLARS) - Less than $20,000: - With dial-up Internet subscription alone","Percent; Estimate; HOUSEHOLD INCOME IN THE PAST 12 MONTHS (IN 2017 INFLATION-ADJUSTED DOLLARS) - Less than $20,000: - With dial-up Internet subscription alone","Percent; Margin of Error; HOUSEHOLD INCOME IN THE PAST 12 MONTHS (IN 2017 INFLATION-ADJUSTED DOLLARS) - Less than $20,000: - With dial-up Internet subscription alone","Total; Estimate; HOUSEHOLD INCOME IN THE PAST 12 MONTHS (IN 2017 INFLATION-ADJUSTED DOLLARS) - Less than $20,000: - With a broadband Internet subscription","Total; Margin of Error; HOUSEHOLD INCOME IN THE PAST 12 MONTHS (IN 2017 INFLATION-ADJUSTED DOLLARS) - Less than $20,000: - With a broadband Internet subscription","Percent; Estimate; HOUSEHOLD INCOME IN THE PAST 12 MONTHS (IN 2017 INFLATION-ADJUSTED DOLLARS) - Less than $20,000: - With a broadband Internet subscription","Percent; Margin of Error; HOUSEHOLD INCOME IN THE PAST 12 MONTHS (IN 2017 INFLATION-ADJUSTED DOLLARS) - Less than $20,000: - With a broadband Internet subscription","Total; Estimate; HOUSEHOLD INCOME IN THE PAST 12 MONTHS (IN 2017 INFLATION-ADJUSTED DOLLARS) - Less than $20,000: - Without an Internet subscription","Total; Margin of Error; HOUSEHOLD INCOME IN THE PAST 12 MONTHS (IN 2017 INFLATION-ADJUSTED DOLLARS) - Less than $20,000: - Without an Internet subscription","Percent; Estimate; HOUSEHOLD INCOME IN THE PAST 12 MONTHS (IN 2017 INFLATION-ADJUSTED DOLLARS) - Less than $20,000: - Without an Internet subscription","Percent; Margin of Error; HOUSEHOLD INCOME IN THE PAST 12 MONTHS (IN 2017 INFLATION-ADJUSTED DOLLARS) - Less than $20,000: - Without an Internet subscription","Total; Estimate; HOUSEHOLD INCOME IN THE PAST 12 MONTHS (IN 2017 INFLATION-ADJUSTED DOLLARS) - $20,000 to $74,999:","Total; Margin of Error; HOUSEHOLD INCOME IN THE PAST 12 MONTHS (IN 2017 INFLATION-ADJUSTED DOLLARS) - $20,000 to $74,999:","Percent; Estimate; HOUSEHOLD INCOME IN THE PAST 12 MONTHS (IN 2017 INFLATION-ADJUSTED DOLLARS) - $20,000 to $74,999:","Percent; Margin of Error; HOUSEHOLD INCOME IN THE PAST 12 MONTHS (IN 2017 INFLATION-ADJUSTED DOLLARS) - $20,000 to $74,999:","Total; Estimate; HOUSEHOLD INCOME IN THE PAST 12 MONTHS (IN 2017 INFLATION-ADJUSTED DOLLARS) - $20,000 to $74,999: - With dial-up Internet subscription alone","Total; Margin of Error; HOUSEHOLD INCOME IN THE PAST 12 MONTHS (IN 2017 INFLATION-ADJUSTED DOLLARS) - $20,000 to $74,999: - With dial-up Internet subscription alone","Percent; Estimate; HOUSEHOLD INCOME IN THE PAST 12 MONTHS (IN 2017 INFLATION-ADJUSTED DOLLARS) - $20,000 to $74,999: - With dial-up Internet subscription alone","Percent; Margin of Error; HOUSEHOLD INCOME IN THE PAST 12 MONTHS (IN 2017 INFLATION-ADJUSTED DOLLARS) - $20,000 to $74,999: - With dial-up Internet subscription alone","Total; Estimate; HOUSEHOLD INCOME IN THE PAST 12 MONTHS (IN 2017 INFLATION-ADJUSTED DOLLARS) - $20,000 to $74,999: - With a broadband Internet subscription","Total; Margin of Error; HOUSEHOLD INCOME IN THE PAST 12 MONTHS (IN 2017 INFLATION-ADJUSTED DOLLARS) - $20,000 to $74,999: - With a broadband Internet subscription","Percent; Estimate; HOUSEHOLD INCOME IN THE PAST 12 MONTHS (IN 2017 INFLATION-ADJUSTED DOLLARS) - $20,000 to $74,999: - With a broadband Internet subscription","Percent; Margin of Error; HOUSEHOLD INCOME IN THE PAST 12 MONTHS (IN 2017 INFLATION-ADJUSTED DOLLARS) - $20,000 to $74,999: - With a broadband Internet subscription","Total; Estimate; HOUSEHOLD INCOME IN THE PAST 12 MONTHS (IN 2017 INFLATION-ADJUSTED DOLLARS) - $20,000 to $74,999: - Without an Internet subscription","Total; Margin of Error; HOUSEHOLD INCOME IN THE PAST 12 MONTHS (IN 2017 INFLATION-ADJUSTED DOLLARS) - $20,000 to $74,999: - Without an Internet subscription","Percent; Estimate; HOUSEHOLD INCOME IN THE PAST 12 MONTHS (IN 2017 INFLATION-ADJUSTED DOLLARS) - $20,000 to $74,999: - Without an Internet subscription","Percent; Margin of Error; HOUSEHOLD INCOME IN THE PAST 12 MONTHS (IN 2017 INFLATION-ADJUSTED DOLLARS) - $20,000 to $74,999: - Without an Internet subscription","Total; Estimate; HOUSEHOLD INCOME IN THE PAST 12 MONTHS (IN 2017 INFLATION-ADJUSTED DOLLARS) - $75,000 or more:","Total; Margin of Error; HOUSEHOLD INCOME IN THE PAST 12 MONTHS (IN 2017 INFLATION-ADJUSTED DOLLARS) - $75,000 or more:","Percent; Estimate; HOUSEHOLD INCOME IN THE PAST 12 MONTHS (IN 2017 INFLATION-ADJUSTED DOLLARS) - $75,000 or more:","Percent; Margin of Error; HOUSEHOLD INCOME IN THE PAST 12 MONTHS (IN 2017 INFLATION-ADJUSTED DOLLARS) - $75,000 or more:","Total; Estimate; HOUSEHOLD INCOME IN THE PAST 12 MONTHS (IN 2017 INFLATION-ADJUSTED DOLLARS) - $75,000 or more: - With dial-up Internet subscription alone","Total; Margin of Error; HOUSEHOLD INCOME IN THE PAST 12 MONTHS (IN 2017 INFLATION-ADJUSTED DOLLARS) - $75,000 or more: - With dial-up Internet subscription alone","Percent; Estimate; HOUSEHOLD INCOME IN THE PAST 12 MONTHS (IN 2017 INFLATION-ADJUSTED DOLLARS) - $75,000 or more: - With dial-up Internet subscription alone","Percent; Margin of Error; HOUSEHOLD INCOME IN THE PAST 12 MONTHS (IN 2017 INFLATION-ADJUSTED DOLLARS) - $75,000 or more: - With dial-up Internet subscription alone","Total; Estimate; HOUSEHOLD INCOME IN THE PAST 12 MONTHS (IN 2017 INFLATION-ADJUSTED DOLLARS) - $75,000 or more: - With a broadband Internet subscription","Total; Margin of Error; HOUSEHOLD INCOME IN THE PAST 12 MONTHS (IN 2017 INFLATION-ADJUSTED DOLLARS) - $75,000 or more: - With a broadband Internet subscription","Percent; Estimate; HOUSEHOLD INCOME IN THE PAST 12 MONTHS (IN 2017 INFLATION-ADJUSTED DOLLARS) - $75,000 or more: - With a broadband Internet subscription","Percent; Margin of Error; HOUSEHOLD INCOME IN THE PAST 12 MONTHS (IN 2017 INFLATION-ADJUSTED DOLLARS) - $75,000 or more: - With a broadband Internet subscription","Total; Estimate; HOUSEHOLD INCOME IN THE PAST 12 MONTHS (IN 2017 INFLATION-ADJUSTED DOLLARS) - $75,000 or more: - Without an Internet subscription","Total; Margin of Error; HOUSEHOLD INCOME IN THE PAST 12 MONTHS (IN 2017 INFLATION-ADJUSTED DOLLARS) - $75,000 or more: - Without an Internet subscription","Percent; Estimate; HOUSEHOLD INCOME IN THE PAST 12 MONTHS (IN 2017 INFLATION-ADJUSTED DOLLARS) - $75,000 or more: - Without an Internet subscription","Percent; Margin of Error; HOUSEHOLD INCOME IN THE PAST 12 MONTHS (IN 2017 INFLATION-ADJUSTED DOLLARS) - $75,000 or more: - Without an Internet subscription"
0500000US27001,27001,"Aitkin County, Minnesota",7709,262,(X),(X),6272,237,81.4,1.5,5547,244,72,1.8,1525,129,19.8,1.4,4404,189,57.1,1.9,241,57,3.1,0.7,3398,181,44.1,1.8,69,24,0.9,0.3,277,61,3.6,0.8,8,7,0.1,0.1,1437,127,18.6,1.5,5234,217,67.9,1.8,109,35,1.4,0.4,5125,200,66.5,1.8,3028,138,39.3,1.6,852,93,11.1,1.1,3532,168,45.8,1.6,893,80,11.6,1.2,2475,172,32.1,1.8,1472,131,(X),(X),26,12,1.8,0.8,584,74,39.7,4.6,862,118,58.6,4.7,4346,232,(X),(X),76,31,1.7,0.7,2911,194,67,2.3,1359,119,31.3,2.5,1891,107,(X),(X),7,7,0.4,0.4,1630,102,86.2,2.4,254,47,13.4,2.4
0500000US27003,27003,"Anoka County, Minnesota",126072,555,(X),(X),115653,694,91.7,0.4,107354,762,85.2,0.5,14785,630,11.7,0.5,95372,889,75.6,0.6,3522,302,2.8,0.2,73382,1179,58.2,0.8,525,120,0.4,0.1,4586,403,3.6,0.3,105,48,0.1,0.1,10419,442,8.3,0.4,109281,753,86.7,0.5,1233,180,1,0.1,108048,765,85.7,0.5,71826,963,57,0.7,11860,607,9.4,0.5,92081,982,73,0.7,6653,450,5.3,0.4,16791,604,13.3,0.5,10020,535,(X),(X),212,82,2.1,0.8,5631,384,56.2,2.9,4177,381,41.7,2.8,51535,849,(X),(X),675,135,1.3,0.3,41193,843,79.9,0.9,9667,488,18.8,0.9,64517,797,(X),(X),346,90,0.5,0.1,61224,789,94.9,0.5,2947,309,4.6,0.5
0500000US27005,27005,"Becker County, Minnesota",13489,251,(X),(X),11226,249,83.2,1.2,10005,256,74.2,1.3,2024,150,15,1.1,8520,253,63.2,1.4,562,94,4.2,0.7,6618,259,49.1,1.6,97,31,0.7,0.2,498,83,3.7,0.6,14,12,0.1,0.1,2263,176,16.8,1.2,10042,277,74.4,1.5,195,41,1.4,0.3,9847,283,73,1.6,6816,271,50.5,1.7,1698,153,12.6,1.1,7468,269,55.4,1.7,844,84,6.3,0.6,3447,217,25.6,1.5,2089,203,(X),(X),27,12,1.3,0.6,875,134,41.9,5,1187,158,56.8,5.1,6773,280,(X),(X),125,36,1.8,0.5,4811,282,71,2.2,1837,148,27.1,2.2,4627,215,(X),(X),43,14,0.9,0.3,4161,202,89.9,1.6,423,82,9.1,1.7
0500000US27007,27007,"Beltrami County, Minnesota",17076,292,(X),(X),14627,334,85.7,1.3,13262,330,77.7,1.6,2723,212,15.9,1.3,11138,392,65.2,1.8,567,127,3.3,0.7,8346,327,48.9,1.8,188,105,1.1,0.6,296,68,1.7,0.4,14,14,0.1,0.1,2449,228,14.3,1.3,13161,345,77.1,1.5,100,46,0.6,0.3,13061,346,76.5,1.5,6557,360,38.4,1.9,1107,226,6.5,1.3,11650,359,68.2,1.8,390,65,2.3,0.4,3915,262,22.9,1.5,3320,255,(X),(X),31,32,0.9,1,1826,242,55,5,1463,181,44.1,5.2,8855,309,(X),(X),66,31,0.7,0.3,6605,307,74.6,2.3,2184,213,24.7,2.2,4901,251,(X),(X),3,6,0.1,0.1,4630,242,94.5,1.5,268,74,5.5,1.5
0500000US27009,27009,"Benton County, Minnesota",16005,197,(X),(X),14111,262,88.2,1.1,12421,345,77.6,1.9,2132,261,13.3,1.6,11269,317,70.4,1.8,578,141,3.6,0.9,8355,330,52.2,2,125,49,0.8,0.3,631,136,3.9,0.8,22,27,0.1,0.2,1894,180,11.8,1.1,12594,325,78.7,1.7,107,31,0.7,0.2,12487,328,78,1.7,7733,350,48.3,2.1,1423,231,8.9,1.4,9978,383,62.3,2.3,1148,194,7.2,1.2,3411,269,21.3,1.7,2717,314,(X),(X),19,14,0.7,0.5,1368,239,50.3,7.2,1330,259,49,7.2,8000,383,(X),(X),73,29,0.9,0.4,6354,339,79.4,1.8,1573,160,19.7,1.8,5288,278,(X),(X),15,9,0.3,0.2,4765,271,90.1,2,508,112,9.6,2
0500000US27011,27011,"Big Stone County, Minnesota",2264,110,(X),(X),1738,92,76.8,2.8,1585,92,70,2.7,422,61,18.6,2.7,1196,93,52.8,3.1,63,34,2.8,1.5,888,79,39.2,3,20,15,0.9,0.7,97,31,4.3,1.4,7,6,0.3,0.2,526,73,23.2,2.8,1595,92,70.5,2.8,21,14,0.9,0.6,1574,91,69.5,2.8,720,82,31.8,3,112,32,4.9,1.3,1332,85,58.8,2.9,154,40,6.8,1.7,669,75,29.5,2.8,440,78,(X),(X),7,10,1.6,2.2,173,57,39.3,9.6,260,56,59.1,9.7,1160,108,(X),(X),12,9,1,0.8,813,89,70.1,3.7,335,54,28.9,3.9,664,70,(X),(X),2,2,0.3,0.4,588,63,88.6,3.2,74,24,11.1,3.2
0500000US27013,27013,"Blue Earth County, Minnesota",25558,340,(X),(X),23103,356,90.4,0.7,21670,383,84.8,1,3420,285,13.4,1.1,18477,418,72.3,1.2,573,105,2.2,0.4,13324,445,52.1,1.6,156,64,0.6,0.3,1069,166,4.2,0.6,35,29,0.1,0.1,2455,185,9.6,0.7,21254,376,83.2,1.1,138,39,0.5,0.2,21116,376,82.6,1.1,11107,398,43.5,1.6,1791,200,7,0.8,18136,416,71,1.3,1504,216,5.9,0.8,4304,292,16.8,1.1,4326,344,(X),(X),17,11,0.4,0.3,2810,310,65,4,1499,189,34.7,4,12011,441,(X),(X),100,36,0.8,0.3,9670,416,80.5,1.7,2241,217,18.7,1.7,9221,321,(X),(X),21,12,0.2,0.1,8636,325,93.7,1.2,564,107,6.1,1.1
0500000US27015,27015,"Brown County, Minnesota",10668,207,(X),(X),9006,230,84.4,1.5,8115,242,76.1,1.7,1791,163,16.8,1.5,6742,235,63.2,1.8,362,119,3.4,1.1,5105,291,47.9,2.5,128,72,1.2,0.7,427,111,4,1,12,13,0.1,0.1,1662,167,15.6,1.5,8185,259,76.7,1.8,109,41,1,0.4,8076,254,75.7,1.7,4502,213,42.2,1.8,991,128,9.3,1.2,6815,277,63.9,2,411,79,3.9,0.7,2483,195,23.3,1.8,1474,158,(X),(X),6,9,0.4,0.6,592,113,40.2,6.2,876,128,59.4,6.1,5499,300,(X),(X),81,40,1.5,0.7,4118,279,74.9,2.6,1300,153,23.6,2.6,3695,223,(X),(X),22,12,0.6,0.3,3366,208,91.1,1.8,307,74,8.3,1.9
0500000US27017,27017,"Carlton County, Minnesota",13413,331,(X),(X),11123,366,82.9,1.4,9892,349,73.7,1.7,1762,173,13.1,1.2,8878,323,66.2,1.6,531,116,4,0.9,6586,312,49.1,1.9,136,51,1,0.4,406,111,3,0.8,4,4,0,0.1,2290,179,17.1,1.4,9452,369,70.5,1.7,193,75,1.4,0.6,9259,371,69,1.8,5808,320,43.3,2,1476,187,11,1.3,6500,308,48.5,1.8,1499,176,11.2,1.3,3961,223,29.5,1.7,1992,198,(X),(X),29,18,1.5,0.9,664,114,33.3,4.3,1299,145,65.2,4.1,6441,328,(X),(X),91,43,1.4,0.7,4328,308,67.2,2.6,2022,178,31.4,2.5,4980,247,(X),(X),73,57,1.5,1.1,4267,257,85.7,2.7,640,126,12.9,2.6
0500000US27019,27019,"Carver County, Minnesota",35342,360,(X),(X),32984,407,93.3,0.7,31708,441,89.7,0.7,3411,267,9.7,0.7,27968,442,79.1,1,491,130,1.4,0.4,22062,561,62.4,1.4,110,55,0.3,0.2,2134,310,6,0.9,20,20,0.1,0.1,2358,233,6.7,0.7,31001,492,87.7,1.1,251,75,0.7,0.2,30750,496,87,1.1,20663,566,58.5,1.4,1927,214,5.5,0.6,27212,488,77,1.2,2301,234,6.5,0.7,4341,387,12.3,1.1,2304,292,(X),(X),33,31,1.4,1.3,1218,195,52.9,6.3,1053,214,45.7,6.4,11687,577,(X),(X),134,58,1.1,0.5,8958,530,76.6,2.7,2595,344,22.2,2.7,21351,491,(X),(X),84,39,0.4,0.2,20574,496,96.4,0.7,693,154,3.2,0.7
0500000US27021,27021,"Cass County, Minnesota",12965,650,(X),(X),10810,552,83.4,1,9418,524,72.6,1.3,2170,162,16.7,0.8,7988,413,61.6,1.2,660,112,5.1,0.8,5973,317,46.1,1.3,126,40,1,0.3,426,75,3.3,0.5,3,6,0,0.1,2155,173,16.6,1,9529,484,73.5,1.2,159,42,1.2,0.3,9370,456,72.3,1.2,5606,319,43.2,1.3,1302,128,10,0.9,7306,441,56.4,1.4,919,78,7.1,0.7,3436,243,26.5,1.2,2161,162,(X),(X),14,7,0.6,0.3,1079,101,49.9,3.8,1068,128,49.4,3.7,7129,387,(X),(X),114,29,1.6,0.4,5124,298,71.9,1.6,1891,146,26.5,1.5,3675,242,(X),(X),31,18,0.8,0.5,3167,209,86.2,1.9,477,78,13,1.9
0500000US27023,27023,"Chippewa County, Minnesota",5019,194,(X),(X),4199,201,83.7,2.8,3621,228,72.1,3.5,811,148,16.2,2.8,3102,191,61.8,3.5,292,97,5.8,1.9,2339,208,46.6,4,67,58,1.3,1.1,122,46,2.4,0.9,5,5,0.1,0.1,820,146,16.3,2.8,3789,200,75.5,2.9,177,88,3.5,1.8,3612,208,72,3,2037,186,40.6,3.4,464,102,9.2,2.1,2786,197,55.5,3.1,373,71,7.4,1.4,1230,158,24.5,2.9,749,130,(X),(X),0,14,0,2.3,393,79,52.5,9.6,356,112,47.5,9.6,2573,198,(X),(X),128,65,5,2.5,1670,180,64.9,4.5,775,135,30.1,4.7,1697,156,(X),(X),49,63,2.9,3.7,1549,158,91.3,4.3,99,41,5.8,2.4
0500000US27025,27025,"Chisago County, Minnesota",19871,299,(X),(X),17863,338,89.9,1,16710,327,84.1,1.2,2354,273,11.8,1.4,14556,378,73.3,1.6,446,102,2.2,0.5,11577,447,58.3,2.2,120,50,0.6,0.3,581,113,2.9,0.6,13,21,0.1,0.1,2008,199,10.1,1,16593,327,83.5,1.1,229,83,1.2,0.4,16364,332,82.4,1.1,10060,402,50.6,1.7,1864,252,9.4,1.2,13141,384,66.1,1.7,1707,206,8.6,1,3278,217,16.5,1.1,1742,232,(X),(X),24,19,1.4,1.1,786,159,45.1,6.5,932,168,53.5,6.5,7865,419,(X),(X),142,61,1.8,0.8,5961,396,75.8,2.4,1762,180,22.4,2.2,10264,374,(X),(X),63,47,0.6,0.5,9617,392,93.7,1.2,584,108,5.7,1.1
0500000US27027,27027,"Clay County, Minnesota",23453,298,(X),(X),20117,404,85.8,1.2,18628,439,79.4,1.5,2675,259,11.4,1.1,16384,461,69.9,1.6,592,169,2.5,0.7,12512,502,53.3,2,110,50,0.5,0.2,660,151,2.8,0.6,27,23,0.1,0.1,3336,269,14.2,1.2,17684,482,75.4,1.7,138,42,0.6,0.2,17546,482,74.8,1.7,10762,494,45.9,2,1565,189,6.7,0.8,15023,482,64.1,1.9,1094,170,4.7,0.7,5769,406,24.6,1.7,3573,336,(X),(X),19,16,0.5,0.5,1535,238,43,4.6,2019,230,56.5,4.5,10638,517,(X),(X),86,35,0.8,0.3,7735,510,72.7,2.5,2817,265,26.5,2.5,9242,413,(X),(X),33,14,0.4,0.1,8276,383,89.5,1.9,933,193,10.1,2
0500000US27029,27029,"Clearwater County, Minnesota",3428,79,(X),(X),2704,88,78.9,1.9,2411,84,70.3,2,663,56,19.3,1.6,1869,92,54.5,2.4,114,28,3.3,0.8,1418,84,41.4,2.3,36,15,1.1,0.4,119,28,3.5,0.8,4,4,0.1,0.1,724,66,21.1,1.9,2385,88,69.6,2.1,38,12,1.1,0.4,2347,89,68.5,2.1,1368,77,39.9,2.1,233,46,6.8,1.3,2034,84,59.3,1.9,159,26,4.6,0.8,1043,77,30.4,2.1,750,68,(X),(X),10,5,1.3,0.6,337,49,44.9,4.9,403,51,53.7,4.9,1793,73,(X),(X),24,10,1.3,0.6,1222,68,68.2,2.8,547,57,30.5,2.8,885,73,(X),(X),4,6,0.5,0.7,788,72,89,4.2,93,36,10.5,3.9
0500000US27031,27031,"Cook County, Minnesota",2700,207,(X),(X),2328,231,86.2,3.7,2200,238,81.5,4.4,615,102,22.8,3.7,1533,228,56.8,5.5,36,25,1.3,0.9,1216,153,45,4.5,25,20,0.9,0.7,135,45,5,1.7,0,12,0,0.6,372,97,13.8,3.7,2001,207,74.1,4.6,99,39,3.7,1.4,1902,207,70.4,4.8,885,182,32.8,5.4,209,61,7.7,2.2,1381,194,51.1,5.1,356,78,13.2,2.8,699,133,25.9,4.6,457,131,(X),(X),2,5,0.4,1.1,239,108,52.3,14,216,75,47.3,13.8,1491,144,(X),(X),71,37,4.8,2.4,1068,127,71.6,5.6,352,92,23.6,5.4,752,111,(X),(X),26,21,3.5,2.7,595,92,79.1,6.6,131,57,17.4,6.5
0500000US27033,27033,"Cottonwood County, Minnesota",4837,129,(X),(X),3970,150,82.1,2.1,3414,154,70.6,3.1,898,106,18.6,2.2,2906,143,60.1,2.5,257,99,5.3,2,2064,155,42.7,3.1,34,19,0.7,0.4,196,70,4.1,1.4,0,14,0,0.4,867,104,17.9,2.1,3529,152,73,2.6,44,22,0.9,0.4,3485,150,72,2.5,2121,140,43.8,2.6,434,93,9,1.9,2498,157,51.6,3.1,734,116,15.2,2.3,1308,130,27,2.6,865,107,(X),(X),16,13,1.8,1.5,390,90,45.1,8.7,459,94,53.1,8.6,2569,158,(X),(X),20,15,0.8,0.6,1837,126,71.5,3.4,712,108,27.7,3.5,1403,117,(X),(X),8,6,0.6,0.5,1258,110,89.7,2.4,137,37,9.8,2.5
0500000US27035,27035,"Crow Wing County, Minnesota",26314,456,(X),(X),22914,494,87.1,1,20576,513,78.2,1.4,4031,269,15.3,1,17946,499,68.2,1.3,736,152,2.8,0.6,13794,478,52.4,1.6,193,63,0.7,0.2,773,147,2.9,0.5,27,18,0.1,0.1,3400,268,12.9,1,21209,513,80.6,1.2,279,73,1.1,0.3,20930,520,79.5,1.3,12406,525,47.1,1.6,2591,227,9.8,0.8,16778,475,63.8,1.4,2119,207,8.1,0.8,5105,327,19.4,1.2,4095,310,(X),(X),87,47,2.1,1.1,2157,221,52.7,4.5,1851,239,45.2,4.3,13671,491,(X),(X),158,43,1.2,0.3,10693,477,78.2,1.8,2820,267,20.6,1.9,8548,393,(X),(X),34,14,0.4,0.2,8080,383,94.5,0.8,434,72,5.1,0.8
0500000US27037,27037,"Dakota County, Minnesota",158777,701,(X),(X),148178,864,93.3,0.4,139655,956,88,0.5,16451,713,10.4,0.5,124622,1121,78.5,0.6,3205,425,2,0.3,97475,1256,61.4,0.7,568,154,0.4,0.1,6712,492,4.2,0.3,185,113,0.1,0.1,10599,647,6.7,0.4,138498,1026,87.2,0.5,770,155,0.5,0.1,137728,1041,86.7,0.5,94065,1185,59.2,0.7,7987,579,5,0.4,125359,1102,79,0.6,7676,508,4.8,0.3,20279,827,12.8,0.5,13097,683,(X),(X),84,45,0.6,0.3,7777,482,59.4,2.2,5236,412,40,2.3,61223,1221,(X),(X),395,107,0.6,0.2,49467,1275,80.8,1.1,11361,643,18.6,1.1,84457,1210,(X),(X),291,90,0.3,0.1,80484,1235,95.3,0.5,3682,390,4.4,0.5
0500000US27039,27039,"Dodge County, Minnesota",7690,126,(X),(X),6875,155,89.4,1.4,6448,152,83.8,1.6,993,108,12.9,1.4,5473,184,71.2,1.9,185,68,2.4,0.9,4332,228,56.3,2.8,31,19,0.4,0.2,484,139,6.3,1.8,12,18,0.2,0.2,815,106,10.6,1.4,6438,171,83.7,1.8,65,27,0.8,0.4,6373,167,82.9,1.8,3795,187,49.3,2.4,587,82,7.6,1,5169,161,67.2,2.2,702,114,9.1,1.5,1252,142,16.3,1.8,681,115,(X),(X),20,25,2.9,3.5,365,91,53.6,8.5,296,68,43.5,8.6,3450,220,(X),(X),24,10,0.7,0.3,2713,214,78.6,3.2,713,118,20.7,3.3,3559,169,(X),(X),21,10,0.6,0.3,3295,178,92.6,2.1,243,75,6.8,2.1
0500000US27041,27041,"Douglas County, Minnesota",16175,265,(X),(X),13920,309,86.1,1.3,12940,331,80,1.6,2572,243,15.9,1.5,10622,354,65.7,1.7,442,106,2.7,0.6,8286,370,51.2,2.1,46,27,0.3,0.2,522,107,3.2,0.6,16,10,0.1,0.1,2255,221,13.9,1.3,12485,319,77.2,1.6,321,82,2,0.5,12164,333,75.2,1.7,6246,350,38.6,2,1202,185,7.4,1.1,9822,365,60.7,2,1295,176,8,1.1,3690,270,22.8,1.6,2120,249,(X),(X),58,59,2.7,2.8,988,197,46.6,6.7,1074,176,50.7,6.9,7967,337,(X),(X),185,52,2.3,0.6,5731,294,71.9,2.6,2051,230,25.7,2.5,6088,283,(X),(X),78,39,1.3,0.6,5445,281,89.4,2.7,565,155,9.3,2.4
0500000US27043,27043,"Faribault County, Minnesota",6245,125,(X),(X),5051,141,80.9,1.9,4509,145,72.2,2,1023,89,16.4,1.4,3690,151,59.1,2.3,304,74,4.9,1.2,2571,153,41.2,2.3,39,22,0.6,0.3,223,58,3.6,0.9,2,3,0,0.1,1194,127,19.1,1.9,4474,153,71.6,2.2,72,19,1.2,0.3,4402,154,70.5,2.1,2025,145,32.4,2.3,376,61,6,1,3733,161,59.8,2.4,373,62,6,1,1771,144,28.4,2.2,1091,124,(X),(X),14,10,1.3,0.9,479,90,43.9,6.9,598,105,54.8,6.9,3291,156,(X),(X),36,12,1.1,0.4,2301,149,69.9,3.1,954,114,29,3.1,1863,118,(X),(X),22,11,1.2,0.6,1622,101,87.1,2.7,219,56,11.8,2.7
0500000US27045,27045,"Fillmore County, Minnesota",8614,146,(X),(X),7057,142,81.9,1.2,6431,137,74.7,1.4,1524,110,17.7,1.2,5112,139,59.3,1.5,246,54,2.9,0.6,3916,153,45.5,1.8,74,30,0.9,0.4,225,49,2.6,0.6,0,16,0,0.2,1557,111,18.1,1.2,6262,143,72.7,1.6,143,30,1.7,0.3,6119,147,71,1.7,3374,122,39.2,1.4,659,71,7.7,0.8,4833,153,56.1,1.7,816,71,9.5,0.8,2352,156,27.3,1.6,1315,106,(X),(X),18,11,1.4,0.8,515,72,39.2,4.2,782,80,59.5,4.3,4267,157,(X),(X),95,23,2.2,0.5,2931,150,68.7,2.8,1241,132,29.1,2.7,3032,133,(X),(X),30,12,1,0.4,2673,124,88.2,1.5,329,47,10.9,1.5
0500000US27047,27047,"Freeborn County, Minnesota",12958,219,(X),(X),10821,255,83.5,1.4,9281,294,71.6,1.9,1941,207,15,1.5,7996,261,61.7,2,501,120,3.9,0.9,6480,297,50,2.4,124,48,1,0.4,827,157,6.4,1.2,28,27,0.2,0.2,2137,185,16.5,1.4,9598,257,74.1,1.6,127,35,1,0.3,9471,251,73.1,1.6,5934,270,45.8,2,1364,160,10.5,1.3,7318,282,56.5,1.8,892,97,6.9,0.7,3360,225,25.9,1.6,2096,264,(X),(X),13,7,0.6,0.3,922,172,44,6.1,1161,197,55.4,6.1,7096,278,(X),(X),90,35,1.3,0.5,5098,236,71.8,2.4,1908,198,26.9,2.4,3766,201,(X),(X),24,11,0.6,0.3,3451,208,91.6,1.6,291,54,7.7,1.5
0500000US27049,27049,"Goodhue County, Minnesota",19345,243,(X),(X),16979,275,87.8,1.1,15047,382,77.8,1.8,2607,252,13.5,1.3,13309,368,68.8,1.7,664,162,3.4,0.8,10758,352,55.6,1.6,211,112,1.1,0.6,709,141,3.7,0.7,12,14,0.1,0.1,2366,215,12.2,1.1,15564,322,80.5,1.5,267,90,1.4,0.5,15297,343,79.1,1.6,10085,393,52.1,1.9,2049,288,10.6,1.5,12024,383,62.2,1.9,1541,177,8,0.9,3781,291,19.5,1.5,2533,291,(X),(X),14,12,0.6,0.5,1373,192,54.2,4.9,1146,190,45.2,4.9,8654,416,(X),(X),175,65,2,0.8,6437,395,74.4,2.7,2042,236,23.6,2.5,8158,343,(X),(X),78,50,1,0.6,7487,339,91.8,1.2,593,90,7.3,1.1
0500000US27051,27051,"Grant County, Minnesota",2536,81,(X),(X),2133,80,84.1,1.6,1882,70,74.2,2.1,435,56,17.2,2.1,1633,75,64.4,2.1,115,35,4.5,1.3,1209,75,47.7,2.3,13,8,0.5,0.3,71,25,2.8,1,0,12,0,0.7,403,42,15.9,1.6,1859,78,73.3,2.3,70,26,2.8,1,1789,78,70.5,2.3,875,69,34.5,2.3,174,37,6.9,1.5,1513,80,59.7,2.5,124,30,4.9,1.1,677,66,26.7,2.3,378,56,(X),(X),14,14,3.7,3.5,169,41,44.7,7.2,195,34,51.6,7.3,1412,87,(X),(X),47,21,3.3,1.5,953,68,67.5,3.1,412,54,29.2,3.2,746,65,(X),(X),9,9,1.2,1.2,667,60,89.4,2.4,70,17,9.4,2.1
0500000US27053,27053,"Hennepin County, Minnesota",499104,1677,(X),(X),456887,2075,91.5,0.2,428037,2139,85.8,0.3,51983,1191,10.4,0.2,383826,2317,76.9,0.3,11597,766,2.3,0.2,296463,2757,59.4,0.5,2565,253,0.5,0.1,18136,759,3.6,0.2,398,106,0.1,0.1,42217,1088,8.5,0.2,420181,2484,84.2,0.4,3090,269,0.6,0.1,417091,2521,83.6,0.4,282827,2782,56.7,0.5,27477,1187,5.5,0.2,374697,2446,75.1,0.4,21533,734,4.3,0.1,78923,1711,15.8,0.4,64381,1479,(X),(X),499,116,0.8,0.2,35392,1098,55,1.1,28490,999,44.3,1.1,197563,1933,(X),(X),1939,227,1,0.1,156582,2012,79.3,0.7,39042,1453,19.8,0.7,237160,2140,(X),(X),652,136,0.3,0.1,225117,2066,94.9,0.3,11391,708,4.8,0.3
0500000US27055,27055,"Houston County, Minnesota",8114,145,(X),(X),6922,160,85.3,1.6,6371,172,78.5,1.8,1704,148,21,1.8,4856,205,59.8,2.2,217,73,2.7,0.9,3741,186,46.1,2.3,37,25,0.5,0.3,272,91,3.4,1.1,4,3,0,0.1,1192,135,14.7,1.6,6450,165,79.5,1.7,110,41,1.4,0.5,6340,174,78.1,1.8,3004,184,37,2.2,294,60,3.6,0.7,5795,181,71.4,2,371,75,4.6,0.9,1664,146,20.5,1.7,1121,138,(X),(X),11,15,1,1.4,567,107,50.6,6,543,82,48.4,5.8,4179,210,(X),(X),65,31,1.6,0.7,3215,198,76.9,2.9,899,127,21.5,2.8,2814,181,(X),(X),34,19,1.2,0.7,2558,170,90.9,1.7,222,47,7.9,1.6
0500000US27057,27057,"Hubbard County, Minnesota",8758,202,(X),(X),7591,209,86.7,1.3,6921,189,79,1.5,1643,132,18.8,1.5,5488,201,62.7,1.6,276,65,3.2,0.7,4359,212,49.8,2,75,38,0.9,0.4,248,49,2.8,0.6,7,5,0.1,0.1,1167,117,13.3,1.3,6716,192,76.7,1.4,178,57,2,0.6,6538,192,74.7,1.5,3841,188,43.9,1.8,672,86,7.7,0.9,5440,172,62.1,1.7,571,76,6.5,0.9,2042,134,23.3,1.4,1331,132,(X),(X),22,11,1.7,0.8,609,95,45.8,5.7,700,106,52.6,5.6,4615,199,(X),(X),141,55,3.1,1.2,3401,172,73.7,2.4,1073,113,23.3,2.2,2812,124,(X),(X),15,8,0.5,0.3,2528,123,89.9,1.8,269,52,9.6,1.8
0500000US27059,27059,"Isanti County, Minnesota",14571,190,(X),(X),12691,279,87.1,1.5,11736,325,80.5,1.9,2025,196,13.9,1.3,10080,307,69.2,1.9,415,85,2.8,0.6,7917,354,54.3,2.2,45,22,0.3,0.2,286,89,2,0.6,8,13,0.1,0.1,1880,215,12.9,1.5,11479,292,78.8,1.8,251,55,1.7,0.4,11228,302,77.1,1.9,6934,363,47.6,2.4,1795,176,12.3,1.2,8120,280,55.7,1.9,1418,144,9.7,0.9,3092,267,21.2,1.8,1445,196,(X),(X),21,13,1.5,0.9,641,141,44.4,7,783,137,54.2,6.9,6809,314,(X),(X),183,54,2.7,0.8,4842,287,71.1,2.8,1784,197,26.2,2.6,6317,301,(X),(X),47,22,0.7,0.3,5745,279,90.9,1.9,525,125,8.3,1.9
0500000US27061,27061,"Itasca County, Minnesota",19356,332,(X),(X),16206,297,83.7,1.1,14382,314,74.3,1.4,3016,227,15.6,1.2,12130,381,62.7,1.6,692,130,3.6,0.7,9397,361,48.5,1.6,186,71,1,0.4,496,112,2.6,0.6,17,28,0.1,0.1,3150,231,16.3,1.1,14635,304,75.6,1.2,116,43,0.6,0.2,14519,308,75,1.3,9133,367,47.2,1.6,1966,171,10.2,0.9,11092,351,57.3,1.6,1708,158,8.8,0.8,4721,263,24.4,1.2,3230,289,(X),(X),31,21,1,0.6,1669,235,51.7,4.7,1530,178,47.4,4.6,10194,393,(X),(X),73,38,0.7,0.4,7448,359,73.1,1.9,2673,209,26.2,1.9,5932,279,(X),(X),12,6,0.2,0.1,5402,272,91.1,1.7,518,104,8.7,1.7
0500000US27063,27063,"Jackson County, Minnesota",4350,120,(X),(X),3613,125,83.1,1.9,3299,143,75.8,2.6,733,103,16.9,2.3,2696,139,62,2.7,105,36,2.4,0.8,2097,135,48.2,2.7,42,21,1,0.5,204,71,4.7,1.6,3,4,0.1,0.1,737,85,16.9,1.9,3263,126,75,2.3,48,28,1.1,0.6,3215,130,73.9,2.5,2065,128,47.5,2.6,317,59,7.3,1.4,2379,132,54.7,2.8,623,62,14.3,1.4,1087,110,25,2.3,606,90,(X),(X),15,21,2.5,3.4,241,62,39.8,8.2,350,72,57.8,8.7,2229,131,(X),(X),20,13,0.9,0.6,1592,129,71.4,3.5,617,81,27.7,3.4,1515,99,(X),(X),13,9,0.9,0.6,1382,102,91.2,2.4,120,37,7.9,2.4
0500000US27065,27065,"Kanabec County, Minnesota",6353,119,(X),(X),5241,152,82.5,1.6,4502,167,70.9,2.2,994,113,15.6,1.7,3978,143,62.6,2,237,56,3.7,0.9,3034,151,47.8,2,53,35,0.8,0.5,157,48,2.5,0.7,19,22,0.3,0.3,1112,102,17.5,1.6,4374,155,68.8,2.1,95,30,1.5,0.5,4279,149,67.4,2,2712,141,42.7,2.1,1102,104,17.3,1.6,2244,144,35.3,2.2,940,88,14.8,1.3,1979,139,31.2,2.1,1045,115,(X),(X),22,18,2.1,1.7,441,74,42.2,5.6,582,91,55.7,5.8,3328,144,(X),(X),64,22,1.9,0.7,2177,146,65.4,3.2,1087,114,32.7,3.1,1980,139,(X),(X),9,6,0.5,0.3,1661,117,83.9,2.6,310,60,15.7,2.6
0500000US27067,27067,"Kandiyohi County, Minnesota",16765,226,(X),(X),14467,269,86.3,1.3,12908,316,77,1.7,2422,250,14.4,1.5,11362,344,67.8,1.9,570,142,3.4,0.8,8735,296,52.1,1.7,151,60,0.9,0.4,734,121,4.4,0.7,5,5,0,0.1,2298,224,13.7,1.3,13091,300,78.1,1.5,159,40,0.9,0.2,12932,306,77.1,1.6,6964,290,41.5,1.6,1353,154,8.1,0.9,10548,321,62.9,1.8,1190,147,7.1,0.9,3674,268,21.9,1.5,2407,257,(X),(X),13,9,0.5,0.4,1138,210,47.3,6.3,1256,185,52.2,6.3,8440,316,(X),(X),104,36,1.2,0.4,6308,281,74.7,2.1,2028,192,24,2,5918,257,(X),(X),42,19,0.7,0.3,5486,254,92.7,1.2,390,66,6.6,1.1
0500000US27069,27069,"Kittson County, Minnesota",1891,87,(X),(X),1489,96,78.7,3.2,1346,92,71.2,3.4,400,54,21.2,2.8,1021,84,54,3.3,51,23,2.7,1.2,736,76,38.9,3.4,8,6,0.4,0.3,56,16,3,0.8,6,7,0.3,0.4,402,62,21.3,3.2,1083,72,57.3,3.6,34,10,1.8,0.5,1049,72,55.5,3.6,491,56,26,2.8,68,23,3.6,1.2,902,66,47.7,3.3,94,24,5,1.3,808,87,42.7,3.6,285,47,(X),(X),7,5,2.5,1.9,82,25,28.8,8.3,196,45,68.8,8.1,1017,77,(X),(X),21,8,2.1,0.8,544,55,53.5,4.2,452,60,44.4,4.3,589,66,(X),(X),6,4,1,0.7,423,59,71.8,6.6,160,44,27.2,6.6
0500000US27071,27071,"Koochiching County, Minnesota",5629,215,(X),(X),4487,234,79.7,2.6,3992,231,70.9,2.9,1092,165,19.4,2.8,3019,213,53.6,3.1,187,71,3.3,1.2,2439,220,43.3,3.6,55,24,1,0.4,169,73,3,1.3,26,33,0.5,0.6,1142,150,20.3,2.6,3979,238,70.7,3,51,30,0.9,0.5,3928,239,69.8,3.1,2298,200,40.8,3.2,530,133,9.4,2.3,3108,263,55.2,3.9,369,86,6.6,1.5,1650,178,29.3,3,1230,169,(X),(X),7,10,0.6,0.8,564,122,45.9,7.5,659,128,53.6,7.5,2802,208,(X),(X),34,26,1.2,0.9,1940,201,69.2,4.7,828,141,29.6,4.6,1597,176,(X),(X),10,10,0.6,0.6,1424,163,89.2,4.9,163,84,10.2,4.9
0500000US27073,27073,"Lac qui Parle County, Minnesota",3171,84,(X),(X),2557,95,80.6,1.9,2323,104,73.3,2.3,563,58,17.8,1.7,1853,80,58.4,1.8,90,32,2.8,1,1431,77,45.1,2.3,16,8,0.5,0.3,59,21,1.9,0.6,3,4,0.1,0.1,614,59,19.4,1.9,2286,98,72.1,2.1,20,10,0.6,0.3,2266,95,71.5,2.1,1245,76,39.3,2.4,227,46,7.2,1.5,1912,107,60.3,2.5,212,40,6.7,1.2,885,65,27.9,2.1,548,61,(X),(X),3,5,0.5,0.9,217,37,39.6,5.5,328,50,59.9,5.7,1670,87,(X),(X),16,8,1,0.5,1198,80,71.7,3,456,53,27.3,2.9,953,83,(X),(X),1,3,0.1,0.3,851,83,89.3,2.5,101,24,10.6,2.5
0500000US27075,27075,"Lake County, Minnesota",5082,230,(X),(X),4347,213,85.5,1.9,3899,249,76.7,3.6,813,109,16,2.1,3241,214,63.8,2.5,264,147,5.2,2.8,2646,202,52.1,3.8,31,18,0.6,0.3,170,76,3.3,1.5,6,7,0.1,0.1,735,108,14.5,1.9,3896,200,76.7,2.6,104,37,2,0.7,3792,187,74.6,2.5,2068,184,40.7,2.9,392,146,7.7,2.8,3062,211,60.3,4,446,138,8.8,2.5,1186,150,23.3,2.6,606,114,(X),(X),2,5,0.3,0.7,310,73,51.2,9.2,294,86,48.5,9.2,2639,257,(X),(X),77,35,2.9,1.3,1818,224,68.9,4.1,744,121,28.2,4.2,1837,204,(X),(X),25,21,1.4,1.1,1664,197,90.6,3,148,56,8.1,3
0500000US27077,27077,"Lake of the Woods County, Minnesota",1533,151,(X),(X),1225,161,79.9,5.3,1094,144,71.4,6.1,357,94,23.3,5.6,847,143,55.3,6.7,57,41,3.7,2.6,546,112,35.6,5.9,0,9,0,1.1,25,22,1.6,1.5,0,9,0,1.1,308,80,20.1,5.3,660,117,43.1,7.2,15,14,1,0.9,645,118,42.1,7.3,314,83,20.5,5.3,56,42,3.7,2.7,557,119,36.3,7.7,58,26,3.8,1.7,873,153,56.9,7.2,253,66,(X),(X),0,9,0,6.7,92,44,36.4,15.7,161,62,63.6,15.7,792,131,(X),(X),15,14,1.9,1.8,336,79,42.4,9.8,441,125,55.7,9.8,488,105,(X),(X),0,9,0,3.5,217,72,44.5,14.4,271,102,55.5,14.4
0500000US27079,27079,"Le Sueur County, Minnesota",10844,153,(X),(X),9504,174,87.6,1.1,8485,204,78.2,1.5,1591,174,14.7,1.6,7295,197,67.3,1.6,354,83,3.3,0.8,5657,196,52.2,1.7,64,34,0.6,0.3,643,114,5.9,1.1,40,33,0.4,0.3,1340,119,12.4,1.1,8507,197,78.4,1.5,145,46,1.3,0.4,8362,202,77.1,1.6,5079,183,46.8,1.6,999,151,9.2,1.4,6591,228,60.8,2,919,100,8.5,0.9,2337,173,21.6,1.5,1218,142,(X),(X),6,5,0.5,0.4,492,94,40.4,5.5,720,100,59.1,5.4,5006,197,(X),(X),90,39,1.8,0.8,3690,195,73.7,2.5,1226,134,24.5,2.6,4620,208,(X),(X),49,24,1.1,0.5,4180,213,90.5,1.9,391,85,8.5,1.8
0500000US27081,27081,"Lincoln County, Minnesota",2484,87,(X),(X),1917,89,77.2,2.2,1772,82,71.3,2.4,438,50,17.6,2,1391,85,56,2.5,65,23,2.6,0.9,1071,79,43.1,2.7,9,6,0.4,0.2,78,25,3.1,1,5,7,0.2,0.3,567,58,22.8,2.2,1720,77,69.2,2.1,26,16,1,0.6,1694,79,68.2,2.1,828,61,33.3,2.2,160,38,6.4,1.5,1356,81,54.6,2.6,176,31,7.1,1.3,764,61,30.8,2.1,462,50,(X),(X),4,4,0.9,0.9,181,36,39.2,6.4,277,41,60,6.4,1253,92,(X),(X),6,6,0.5,0.5,828,84,66.1,3.7,419,50,33.4,3.6,769,65,(X),(X),16,14,2.1,1.9,685,60,89.1,3.3,68,26,8.8,3.1
0500000US27083,27083,"Lyon County, Minnesota",10060,196,(X),(X),8893,220,88.4,1.5,8133,265,80.8,2.1,1515,156,15.1,1.6,6864,279,68.2,2.1,331,107,3.3,1.1,5285,292,52.5,2.6,77,36,0.8,0.4,328,85,3.3,0.8,13,9,0.1,0.1,1167,151,11.6,1.5,8126,256,80.8,1.8,110,33,1.1,0.3,8016,258,79.7,1.9,4537,250,45.1,2.2,681,107,6.8,1,6534,268,65,2.2,870,109,8.6,1.1,1934,178,19.2,1.8,1641,199,(X),(X),8,5,0.5,0.3,903,161,55,6.5,730,130,44.5,6.4,4778,254,(X),(X),63,26,1.3,0.5,3743,245,78.3,2.5,972,121,20.3,2.5,3641,208,(X),(X),39,25,1.1,0.7,3370,203,92.6,2.1,232,72,6.4,1.9
0500000US27085,27085,"McLeod County, Minnesota",14760,215,(X),(X),12780,289,86.6,1.5,11718,306,79.4,1.8,2434,283,16.5,1.9,9717,304,65.8,1.8,381,99,2.6,0.7,7276,319,49.3,2.2,125,67,0.8,0.5,824,203,5.6,1.4,1,3,0,0.1,1980,227,13.4,1.5,11763,318,79.7,1.9,154,58,1,0.4,11609,325,78.7,2,6932,322,47,2,1218,186,8.3,1.3,9677,371,65.6,2.4,932,135,6.3,0.9,2997,287,20.3,1.9,1721,216,(X),(X),4,4,0.2,0.2,855,160,49.7,6.9,862,159,50.1,6.9,7481,363,(X),(X),89,40,1.2,0.5,5715,354,76.4,2.8,1677,215,22.4,2.7,5558,274,(X),(X),61,40,1.1,0.7,5039,239,90.7,2,458,120,8.2,2
0500000US27087,27087,"Mahnomen County, Minnesota",1947,49,(X),(X),1427,62,73.3,2.2,1101,64,56.5,2.7,319,44,16.4,2.2,1031,66,53,2.8,152,30,7.8,1.5,719,39,36.9,1.9,12,8,0.6,0.4,79,21,4.1,1,0,12,0,0.9,520,43,26.7,2.2,1214,59,62.4,2.4,21,10,1.1,0.5,1193,58,61.3,2.4,804,50,41.3,2.3,318,35,16.3,1.8,776,57,39.9,2.5,119,22,6.1,1.1,733,49,37.6,2.4,456,50,(X),(X),11,8,2.4,1.8,171,31,37.5,4.7,274,34,60.1,4.8,992,79,(X),(X),7,5,0.7,0.6,591,63,59.6,3.7,394,47,39.7,3.6,499,39,(X),(X),3,3,0.6,0.7,431,37,86.4,3.2,65,17,13,3.2
0500000US27089,27089,"Marshall County, Minnesota",3953,97,(X),(X),3221,101,81.5,1.3,2884,95,73,1.6,670,68,16.9,1.5,2357,92,59.6,1.9,167,40,4.2,1,1636,89,41.4,1.8,34,15,0.9,0.4,87,18,2.2,0.5,3,4,0.1,0.1,732,53,18.5,1.3,2825,100,71.5,1.9,104,37,2.6,0.9,2721,100,68.8,1.9,1251,85,31.6,2.1,257,44,6.5,1.1,2197,103,55.6,2.4,296,34,7.5,0.9,1128,82,28.5,1.9,565,64,(X),(X),5,4,0.9,0.8,213,39,37.7,5.8,347,53,61.4,5.7,1990,104,(X),(X),41,18,2.1,0.9,1335,90,67.1,2.8,614,60,30.9,2.6,1398,75,(X),(X),58,31,4.1,2.1,1173,68,83.9,2.6,167,31,11.9,2.1
0500000US27091,27091,"Martin County, Minnesota",8685,219,(X),(X),7091,252,81.6,2.2,6333,261,72.9,2.5,1497,202,17.2,2.2,5239,241,60.3,2.7,406,135,4.7,1.6,3584,235,41.3,2.5,37,29,0.4,0.3,302,80,3.5,0.9,5,4,0.1,0.1,1594,202,18.4,2.2,6636,304,76.4,2.5,142,54,1.6,0.6,6494,297,74.8,2.5,3418,238,39.4,2.7,808,180,9.3,2,5048,288,58.1,2.8,747,88,8.6,1,2049,216,23.6,2.5,1390,214,(X),(X),10,8,0.7,0.5,661,173,47.6,8.6,719,150,51.7,8.6,4452,294,(X),(X),68,33,1.5,0.7,3304,296,74.2,3.9,1080,177,24.3,3.8,2843,210,(X),(X),64,46,2.3,1.6,2529,192,89,2.8,250,84,8.8,2.7
0500000US27093,27093,"Meeker County, Minnesota",9164,135,(X),(X),7676,189,83.8,1.4,6912,168,75.4,1.5,1460,131,15.9,1.4,5826,220,63.6,2,323,72,3.5,0.8,4412,192,48.1,1.9,51,26,0.6,0.3,252,62,2.7,0.7,2,3,0,0.1,1488,120,16.2,1.4,6678,193,72.9,1.7,106,30,1.2,0.3,6572,190,71.7,1.7,3931,148,42.9,1.5,943,106,10.3,1.1,4581,180,50,1.8,1194,106,13,1.1,2486,161,27.1,1.7,1247,142,(X),(X),13,8,1,0.6,477,105,38.3,6.8,757,116,60.7,6.9,4490,205,(X),(X),56,25,1.2,0.6,3139,203,69.9,2.7,1295,126,28.8,2.7,3427,159,(X),(X),37,14,1.1,0.4,2956,146,86.3,2.1,434,75,12.7,2
0500000US27095,27095,"Mille Lacs County, Minnesota",10116,187,(X),(X),8358,203,82.6,1.6,7198,215,71.2,2,1437,140,14.2,1.3,6452,210,63.8,1.9,501,114,5,1.1,4837,230,47.8,2.2,63,36,0.6,0.4,305,74,3,0.7,9,6,0.1,0.1,1758,168,17.4,1.6,7349,198,72.6,1.9,113,27,1.1,0.3,7236,193,71.5,1.9,4262,212,42.1,2.1,1309,140,12.9,1.4,5247,240,51.9,2.4,777,92,7.7,0.9,2767,214,27.4,1.9,1544,162,(X),(X),3,3,0.2,0.2,709,116,45.9,6.2,832,133,53.9,6.1,5520,252,(X),(X),83,23,1.5,0.4,3881,230,70.3,2.9,1556,184,28.2,3,3052,180,(X),(X),27,11,0.9,0.4,2646,172,86.7,2.4,379,75,12.4,2.4
0500000US27097,27097,"Morrison County, Minnesota",13327,225,(X),(X),10744,234,80.6,1.3,9551,228,71.7,1.6,2222,190,16.7,1.4,7817,225,58.7,1.6,505,93,3.8,0.7,6183,233,46.4,1.7,128,44,1,0.3,360,62,2.7,0.5,22,22,0.2,0.2,2583,182,19.4,1.3,9641,262,72.3,1.6,184,46,1.4,0.4,9457,267,71,1.6,6012,269,45.1,1.9,1625,125,12.2,1,6477,245,48.6,1.7,1320,146,9.9,1.1,3686,226,27.7,1.6,2328,220,(X),(X),18,9,0.8,0.4,921,141,39.6,4.9,1389,179,59.7,4.9,6704,258,(X),(X),134,42,2,0.6,4790,243,71.4,2.1,1780,155,26.6,2.2,4295,185,(X),(X),32,17,0.7,0.4,3746,189,87.2,1.9,517,84,12,1.9
0500000US27099,27099,"Mower County, Minnesota",15524,286,(X),(X),13100,309,84.4,1.3,11329,354,73,1.9,2303,242,14.8,1.5,9743,324,62.8,1.8,711,162,4.6,1,7737,339,49.8,2,373,123,2.4,0.8,933,184,6,1.2,35,29,0.2,0.2,2424,213,15.6,1.3,11871,307,76.5,1.6,145,42,0.9,0.3,11726,307,75.5,1.6,7263,334,46.8,2,1699,239,10.9,1.5,8809,344,56.7,2,1403,137,9,0.9,3653,258,23.5,1.6,2600,265,(X),(X),23,19,0.9,0.7,1240,202,47.7,5.5,1337,185,51.4,5.5,7625,389,(X),(X),60,26,0.8,0.3,5584,368,73.2,2.5,1981,200,26,2.4,5299,320,(X),(X),62,26,1.2,0.5,4902,317,92.5,1.4,335,70,6.3,1.3
0500000US27101,27101,"Murray County, Minnesota",3713,97,(X),(X),3067,94,82.6,1.6,2757,98,74.3,2.1,658,64,17.7,1.7,2204,91,59.4,1.9,119,34,3.2,0.9,1781,90,48,2,21,9,0.6,0.3,131,25,3.5,0.6,3,3,0.1,0.1,646,64,17.4,1.6,2762,99,74.4,2,44,17,1.2,0.5,2718,98,73.2,2,1723,95,46.4,2.2,266,43,7.2,1.1,2034,89,54.8,2.1,597,66,16.1,1.7,951,81,25.6,2,603,76,(X),(X),10,9,1.7,1.4,302,62,50.1,7.4,291,52,48.3,7.2,1850,94,(X),(X),26,12,1.4,0.6,1303,93,70.4,3.3,521,65,28.2,3.3,1260,68,(X),(X),8,7,0.6,0.6,1113,71,88.3,3,139,38,11,2.9
0500000US27103,27103,"Nicollet County, Minnesota",12662,229,(X),(X),11158,291,88.1,1.5,10288,332,81.3,1.9,1947,214,15.4,1.7,8630,306,68.2,1.9,292,107,2.3,0.8,6846,359,54.1,2.6,88,51,0.7,0.4,671,161,5.3,1.3,0,18,0,0.1,1504,183,11.9,1.5,10426,304,82.3,1.7,116,43,0.9,0.3,10310,306,81.4,1.8,5914,321,46.7,2.4,1047,157,8.3,1.2,8634,330,68.2,2,672,119,5.3,0.9,2236,215,17.7,1.7,1500,204,(X),(X),19,15,1.3,1,816,173,54.4,8.6,665,155,44.3,8.6,6119,334,(X),(X),78,39,1.3,0.6,4734,321,77.4,2.9,1307,191,21.4,2.9,5043,293,(X),(X),19,10,0.4,0.2,4760,280,94.4,1.4,264,75,5.2,1.4
0500000US27105,27105,"Nobles County, Minnesota",7917,145,(X),(X),6652,198,84,1.8,5719,247,72.2,2.9,1240,124,15.7,1.5,5032,185,63.6,2,430,127,5.4,1.6,3647,222,46.1,2.5,67,43,0.8,0.5,281,69,3.5,0.9,19,18,0.2,0.2,1265,142,16,1.8,5865,232,74.1,2.8,99,38,1.3,0.5,5766,236,72.8,2.8,3640,236,46,2.8,541,111,6.8,1.4,4338,236,54.8,3,1146,173,14.5,2.2,2052,231,25.9,2.8,1498,207,(X),(X),14,16,0.9,1.1,712,167,47.5,7.9,772,142,51.5,7.9,3864,199,(X),(X),51,23,1.3,0.6,2801,209,72.5,3.9,1012,161,26.2,3.9,2555,174,(X),(X),34,27,1.3,1.1,2253,164,88.2,2.6,268,62,10.5,2.3
0500000US27107,27107,"Norman County, Minnesota",2733,87,(X),(X),2048,97,74.9,2.7,1847,101,67.6,3,441,47,16.1,1.8,1509,88,55.2,2.5,85,26,3.1,1,1142,90,41.8,2.9,32,11,1.2,0.4,69,27,2.5,1,1,2,0,0.1,685,78,25.1,2.7,1669,99,61.1,3.2,36,15,1.3,0.5,1633,100,59.8,3.2,830,70,30.4,2.4,148,31,5.4,1.1,1383,90,50.6,2.9,131,27,4.8,1,1064,94,38.9,3.2,482,53,(X),(X),8,9,1.7,1.8,142,24,29.5,5.7,332,55,68.9,5.8,1389,83,(X),(X),24,12,1.7,0.8,792,70,57,3.7,573,62,41.3,3.7,862,65,(X),(X),4,4,0.5,0.4,699,63,81.1,4.4,159,42,18.4,4.6
0500000US27109,27109,"Olmsted County, Minnesota",59804,488,(X),(X),54948,557,91.9,0.6,51557,726,86.2,1,7594,507,12.7,0.8,44515,674,74.4,1,1406,303,2.4,0.5,34823,723,58.2,1.2,364,108,0.6,0.2,1994,222,3.3,0.4,68,32,0.1,0.1,4856,382,8.1,0.6,51634,545,86.3,0.8,374,89,0.6,0.1,51260,542,85.7,0.8,33458,620,55.9,1,4553,451,7.6,0.8,44693,676,74.7,1.1,2674,295,4.5,0.5,8170,522,13.7,0.8,6623,477,(X),(X),34,24,0.5,0.4,4021,418,60.7,4.2,2568,331,38.8,4.3,24246,782,(X),(X),205,70,0.8,0.3,19775,710,81.6,1.6,4266,411,17.6,1.5,28935,639,(X),(X),135,58,0.5,0.2,27464,618,94.9,0.6,1336,183,4.6,0.6
0500000US27111,27111,"Otter Tail County, Minnesota",24300,315,(X),(X),20251,387,83.3,1.1,17887,390,73.6,1.4,3885,251,16,1,15199,423,62.5,1.5,1166,207,4.8,0.8,11409,388,47,1.5,169,57,0.7,0.2,844,126,3.5,0.5,52,34,0.2,0.1,4049,265,16.7,1.1,17609,357,72.5,1.3,526,151,2.2,0.6,17083,377,70.3,1.4,10451,349,43,1.4,2585,203,10.6,0.8,13258,368,54.6,1.5,1420,133,5.8,0.6,6691,349,27.5,1.3,3857,312,(X),(X),91,40,2.4,1,1488,191,38.6,4.3,2278,262,59.1,4.3,12168,362,(X),(X),348,137,2.9,1.1,8267,341,67.9,2.1,3553,264,29.2,1.9,8275,307,(X),(X),87,23,1.1,0.3,7328,282,88.6,1.1,860,98,10.4,1.1
0500000US27113,27113,"Pennington County, Minnesota",5883,165,(X),(X),4853,208,82.5,2.6,4359,192,74.1,2.8,1049,145,17.8,2.4,3611,192,61.4,2.8,245,87,4.2,1.4,2453,177,41.7,3.1,26,20,0.4,0.3,200,58,3.4,1,13,20,0.2,0.3,1030,156,17.5,2.6,4284,189,72.8,2.9,17,14,0.3,0.2,4267,189,72.5,2.9,2290,187,38.9,3,401,102,6.8,1.7,3644,176,61.9,3,303,81,5.2,1.4,1599,185,27.2,2.9,954,150,(X),(X),0,14,0,1.8,376,85,39.4,7.3,578,120,60.6,7.3,3023,233,(X),(X),16,14,0.5,0.5,2177,188,72,4.7,830,171,27.5,4.8,1906,164,(X),(X),1,2,0.1,0.1,1714,147,89.9,3.4,191,70,10,3.4
0500000US27115,27115,"Pine County, Minnesota",10752,237,(X),(X),8515,253,79.2,1.4,7743,232,72,1.5,1941,143,18.1,1.3,6162,234,57.3,1.7,402,73,3.7,0.7,4667,233,43.4,1.8,54,22,0.5,0.2,228,48,2.1,0.4,7,8,0.1,0.1,2237,154,20.8,1.4,7114,225,66.2,1.5,168,35,1.6,0.3,6946,224,64.6,1.5,3852,162,35.8,1.3,1315,103,12.2,0.9,4366,199,40.6,1.5,1388,110,12.9,1,3638,180,33.8,1.5,2118,174,(X),(X),43,20,2,0.9,800,106,37.8,4,1275,138,60.2,4.2,5736,227,(X),(X),89,26,1.6,0.5,3703,203,64.6,2.4,1944,160,33.9,2.4,2898,153,(X),(X),36,15,1.2,0.5,2443,136,84.3,2.1,419,66,14.5,2
0500000US27117,27117,"Pipestone County, Minnesota",4019,122,(X),(X),3205,133,79.7,2.3,2820,135,70.2,2.7,707,108,17.6,2.6,2337,126,58.1,2.7,167,54,4.2,1.3,1722,158,42.8,3.5,40,23,1,0.6,127,42,3.2,1,6,5,0.1,0.1,814,98,20.3,2.3,2868,134,71.4,2.7,40,20,1,0.5,2828,135,70.4,2.8,1859,133,46.3,3.1,399,81,9.9,1.9,2039,121,50.7,3,569,77,14.2,1.9,1151,119,28.6,2.7,808,111,(X),(X),5,4,0.6,0.5,365,67,45.2,7.9,438,103,54.2,8,2104,144,(X),(X),24,18,1.1,0.8,1492,133,70.9,4.3,588,98,27.9,4.1,1107,106,(X),(X),11,10,1,0.9,971,89,87.7,3.9,125,48,11.3,3.9
0500000US27119,27119,"Polk County, Minnesota",12609,230,(X),(X),10489,245,83.2,1.4,9563,271,75.8,1.6,1830,215,14.5,1.7,8126,280,64.4,1.9,407,93,3.2,0.8,6179,232,49,1.8,110,60,0.9,0.5,392,95,3.1,0.8,7,6,0.1,0.1,2120,185,16.8,1.4,9619,262,76.3,1.4,76,24,0.6,0.2,9543,263,75.7,1.4,6061,262,48.1,1.9,1311,208,10.4,1.6,7791,300,61.8,1.9,624,96,4.9,0.8,2990,182,23.7,1.4,2356,214,(X),(X),8,9,0.3,0.4,1174,199,49.8,6,1174,151,49.8,6,5680,285,(X),(X),37,13,0.7,0.2,4180,286,73.6,2.6,1463,145,25.8,2.6,4573,239,(X),(X),31,20,0.7,0.4,4189,236,91.6,1.8,353,77,7.7,1.7
0500000US27121,27121,"Pope County, Minnesota",4898,150,(X),(X),4159,158,84.9,1.9,3805,159,77.7,2,801,87,16.4,1.9,3130,153,63.9,2.3,132,50,2.7,1,2469,168,50.4,2.6,40,25,0.8,0.5,115,41,2.3,0.8,1,2,0,0.1,739,96,15.1,1.9,3657,171,74.7,2.1,61,19,1.2,0.4,3596,169,73.4,2.1,2106,135,43,2.3,484,88,9.9,1.8,2666,155,54.4,2.4,449,67,9.2,1.3,1241,100,25.3,2.1,687,98,(X),(X),6,4,0.9,0.6,304,79,44.3,8.1,377,68,54.9,7.9,2457,153,(X),(X),39,16,1.6,0.7,1766,151,71.9,3.3,652,79,26.5,3.1,1754,106,(X),(X),16,9,0.9,0.5,1526,90,87,3.2,212,61,12.1,3.1
0500000US27123,27123,"Ramsey County, Minnesota",208504,759,(X),(X),186735,1193,89.6,0.4,171120,1216,82.1,0.5,25209,797,12.1,0.4,151472,1411,72.6,0.6,6361,637,3.1,0.3,116185,1392,55.7,0.7,1473,222,0.7,0.1,11803,690,5.7,0.3,337,101,0.2,0.1,21769,841,10.4,0.4,172776,1223,82.9,0.5,1528,228,0.7,0.1,171248,1258,82.1,0.5,118140,1317,56.7,0.6,17399,930,8.3,0.4,148917,1544,71.4,0.7,7590,486,3.6,0.2,35728,1007,17.1,0.5,31271,1111,(X),(X),287,84,0.9,0.3,17679,993,56.5,2.1,13305,748,42.5,2.1,93935,1316,(X),(X),877,168,0.9,0.2,74978,1285,79.8,0.8,18080,818,19.2,0.8,83298,1059,(X),(X),364,111,0.4,0.1,78591,1024,94.3,0.5,4343,401,5.2,0.5
0500000US27125,27125,"Red Lake County, Minnesota",1718,51,(X),(X),1381,66,80.4,2.7,1234,74,71.8,3.3,355,47,20.7,2.6,932,72,54.2,3.8,36,18,2.1,1,788,61,45.9,3.2,5,5,0.3,0.3,60,17,3.5,1,2,3,0.1,0.2,337,46,19.6,2.7,1221,66,71.1,3.4,20,10,1.2,0.6,1201,67,69.9,3.5,630,68,36.7,3.9,98,29,5.7,1.7,1060,72,61.7,3.7,49,18,2.9,1,497,62,28.9,3.4,289,42,(X),(X),0,9,0,5.9,129,34,44.6,9.5,160,34,55.4,9.5,830,66,(X),(X),19,10,2.3,1.2,525,46,63.3,4.4,286,49,34.5,4.6,599,64,(X),(X),1,2,0.2,0.4,547,62,91.3,3.9,51,24,8.5,3.8
0500000US27127,27127,"Redwood County, Minnesota",6310,125,(X),(X),5183,135,82.1,1.6,4647,144,73.6,1.9,1105,110,17.5,1.7,3823,145,60.6,1.9,294,57,4.7,0.9,2868,135,45.5,2.1,27,8,0.4,0.1,222,46,3.5,0.7,4,4,0.1,0.1,1127,105,17.9,1.6,4343,159,68.8,2.2,122,25,1.9,0.4,4221,158,66.9,2.2,2561,139,40.6,2,643,97,10.2,1.5,3028,133,48,1.9,558,56,8.8,0.9,1967,150,31.2,2.2,995,99,(X),(X),15,13,1.5,1.3,416,76,41.8,6.2,564,78,56.7,5.8,3286,168,(X),(X),84,22,2.6,0.7,2001,155,60.9,3.4,1201,128,36.5,3.3,2029,137,(X),(X),23,14,1.1,0.7,1804,130,88.9,1.9,202,44,10,2
0500000US27129,27129,"Renville County, Minnesota",6219,134,(X),(X),5061,131,81.4,1.6,4518,143,72.6,2,1051,86,16.9,1.3,3746,113,60.2,1.5,311,72,5,1.1,2638,120,42.4,1.7,28,12,0.5,0.2,441,60,7.1,1,9,12,0.1,0.2,1158,106,18.6,1.6,4059,112,65.3,2.1,97,31,1.6,0.5,3962,113,63.7,2.1,2148,86,34.5,1.5,679,76,10.9,1.2,2563,126,41.2,2.3,758,78,12.2,1.2,2160,161,34.7,2.1,970,108,(X),(X),11,9,1.1,0.9,279,50,28.8,4.4,680,91,70.1,4.5,3130,166,(X),(X),49,23,1.6,0.7,1893,130,60.5,3.4,1188,137,38,3.5,2119,111,(X),(X),37,20,1.7,1,1790,101,84.5,2.6,292,55,13.8,2.4
0500000US27131,27131,"Rice County, Minnesota",22899,366,(X),(X),20022,419,87.4,1.2,18281,449,79.8,1.6,3130,275,13.7,1.2,15899,454,69.4,1.6,828,217,3.6,0.9,12345,482,53.9,2,100,47,0.4,0.2,1157,185,5.1,0.8,4,6,0,0.1,2877,290,12.6,1.2,18610,402,81.3,1.4,245,106,1.1,0.5,18365,398,80.2,1.3,11524,407,50.3,1.6,2323,258,10.1,1.1,14668,432,64.1,1.7,1757,187,7.7,0.8,4289,325,18.7,1.4,3073,312,(X),(X),26,34,0.8,1.1,1619,228,52.7,6.1,1428,252,46.5,6.1,10387,500,(X),(X),137,91,1.3,0.9,8149,446,78.5,2.1,2101,222,20.2,1.9,9439,395,(X),(X),82,41,0.9,0.4,8597,391,91.1,1.6,760,157,8.1,1.6
0500000US27133,27133,"Rock County, Minnesota",3985,123,(X),(X),3428,117,86,2,3086,131,77.4,2.8,668,93,16.8,2.4,2523,154,63.3,3.4,123,42,3.1,1,1920,119,48.2,2.7,75,43,1.9,1.1,83,31,2.1,0.8,14,11,0.4,0.3,557,87,14,2,3112,119,78.1,2.5,45,19,1.1,0.5,3067,119,77,2.5,1738,133,43.6,3.2,269,57,6.8,1.4,2382,140,59.8,3.2,513,58,12.9,1.5,873,109,21.9,2.5,595,96,(X),(X),9,10,1.5,1.6,300,85,50.4,9.2,286,57,48.1,9.2,2023,140,(X),(X),23,12,1.1,0.6,1559,129,77.1,3.7,441,82,21.8,3.7,1367,113,(X),(X),13,7,1,0.5,1208,111,88.4,3.9,146,56,10.7,3.9
0500000US27135,27135,"Roseau County, Minnesota",6123,120,(X),(X),5081,127,83,1.8,4416,135,72.1,2,1086,108,17.7,1.7,3721,130,60.8,2,317,73,5.2,1.2,2773,118,45.3,1.8,45,20,0.7,0.3,114,36,1.9,0.6,13,15,0.2,0.3,1042,118,17,1.8,3497,138,57.1,2.2,90,23,1.5,0.4,3407,142,55.6,2.2,1979,118,32.3,1.8,424,66,6.9,1.1,2717,135,44.4,2.1,327,55,5.3,0.9,2626,152,42.9,2.2,834,109,(X),(X),16,10,1.9,1.3,225,50,27,5.3,593,97,71.1,5.5,3216,142,(X),(X),65,19,2,0.6,1742,93,54.2,3,1409,138,43.8,3,2073,117,(X),(X),9,6,0.4,0.3,1440,103,69.5,3.8,624,92,30.1,3.8
0500000US27137,27137,"St. Louis County, Minnesota",85662,723,(X),(X),72315,863,84.4,0.7,64252,866,75,0.8,12227,504,14.3,0.6,56386,825,65.8,0.8,3551,336,4.1,0.4,42203,888,49.3,0.9,586,111,0.7,0.1,2314,223,2.7,0.3,118,53,0.1,0.1,13347,599,15.6,0.7,64412,862,75.2,0.8,1067,155,1.2,0.2,63345,864,73.9,0.8,39183,744,45.7,0.8,8364,430,9.8,0.5,48901,910,57.1,0.9,7339,409,8.6,0.5,21250,712,24.8,0.8,15770,731,(X),(X),194,83,1.2,0.5,8197,581,52,2.5,7379,489,46.8,2.5,42503,860,(X),(X),653,119,1.5,0.3,30275,848,71.2,1.2,11575,515,27.2,1.1,27389,699,(X),(X),220,73,0.8,0.3,24873,722,90.8,1,2296,259,8.4,0.9
0500000US27139,27139,"Scott County, Minnesota",47864,394,(X),(X),44903,470,93.8,0.5,42635,518,89.1,0.9,4331,388,9,0.8,38587,604,80.6,1.1,797,185,1.7,0.4,30243,718,63.2,1.5,152,88,0.3,0.2,2286,313,4.8,0.6,79,63,0.2,0.1,2961,255,6.2,0.5,42236,512,88.2,0.9,258,78,0.5,0.2,41978,518,87.7,0.9,26910,692,56.2,1.4,2265,328,4.7,0.7,38114,573,79.6,1.1,3250,413,6.8,0.9,5628,420,11.8,0.9,3417,337,(X),(X),46,37,1.3,1.1,2102,289,61.5,4.4,1269,168,37.1,4.5,15173,545,(X),(X),127,59,0.8,0.4,12094,495,79.7,1.9,2952,302,19.5,1.8,29274,605,(X),(X),85,49,0.3,0.2,27782,643,94.9,0.9,1407,268,4.8,0.9
0500000US27141,27141,"Sherburne County, Minnesota",31181,369,(X),(X),29150,501,93.5,1.1,27242,534,87.4,1.2,3509,402,11.3,1.3,24478,521,78.5,1.5,486,169,1.6,0.5,19502,583,62.5,1.7,208,103,0.7,0.3,824,175,2.6,0.6,7,7,0,0.1,2031,327,6.5,1.1,27005,549,86.6,1.7,305,93,1,0.3,26700,554,85.6,1.7,17582,638,56.4,2.1,2390,369,7.7,1.2,22766,609,73,1.9,2590,330,8.3,1,4176,548,13.4,1.7,1976,273,(X),(X),34,35,1.7,1.8,1090,259,55.2,10,852,211,43.1,9.2,11873,507,(X),(X),203,74,1.7,0.6,9461,543,79.7,2.9,2209,356,18.6,2.9,17332,515,(X),(X),68,48,0.4,0.3,16149,483,93.2,1.6,1115,283,6.4,1.6
0500000US27143,27143,"Sibley County, Minnesota",5993,112,(X),(X),4979,135,83.1,1.5,4349,134,72.6,1.9,825,72,13.8,1.2,3861,146,64.4,1.9,285,76,4.8,1.3,2846,162,47.5,2.4,33,16,0.6,0.3,416,71,6.9,1.2,10,9,0.2,0.1,1014,93,16.9,1.5,4280,135,71.4,1.8,117,25,2,0.4,4163,141,69.5,1.9,2449,141,40.9,2.1,576,71,9.6,1.2,3016,137,50.3,2.2,622,79,10.4,1.3,1713,111,28.6,1.8,699,81,(X),(X),24,15,3.4,2,253,51,36.2,6.2,422,66,60.4,6.3,3038,131,(X),(X),65,16,2.1,0.5,1973,117,64.9,2.9,1000,99,32.9,2.8,2256,118,(X),(X),28,14,1.2,0.6,1937,110,85.9,2.3,291,52,12.9,2.2
0500000US27145,27145,"Stearns County, Minnesota",58657,481,(X),(X),52280,582,89.1,0.6,47259,776,80.6,1.1,7834,424,13.4,0.7,41782,800,71.2,1.1,2012,283,3.4,0.5,31528,826,53.7,1.2,440,98,0.8,0.2,2113,272,3.6,0.5,79,40,0.1,0.1,6377,361,10.9,0.6,46704,692,79.6,1,544,111,0.9,0.2,46160,674,78.7,0.9,27907,655,47.6,1.1,4686,362,8,0.6,38061,619,64.9,1,3636,337,6.2,0.6,11953,575,20.4,1,8196,482,(X),(X),116,53,1.4,0.7,4494,398,54.8,4.1,3586,415,43.8,4,28451,789,(X),(X),331,100,1.2,0.3,21467,715,75.5,1.5,6653,488,23.4,1.6,22010,591,(X),(X),97,34,0.4,0.2,20199,559,91.8,1,1714,230,7.8,1
0500000US27147,27147,"Steele County, Minnesota",14450,202,(X),(X),12439,272,86.1,1.5,11253,294,77.9,1.8,2520,274,17.4,1.9,9207,328,63.7,2.1,355,96,2.5,0.7,7199,388,49.8,2.6,172,67,1.2,0.5,707,144,4.9,1,13,16,0.1,0.1,2011,219,13.9,1.5,11539,254,79.9,1.4,114,41,0.8,0.3,11425,260,79.1,1.5,6894,331,47.7,2.3,1349,161,9.3,1.1,9018,321,62.4,2,1101,170,7.6,1.2,2911,214,20.1,1.4,2042,244,(X),(X),20,19,1,0.9,960,175,47,7.1,1062,199,52,7,6719,309,(X),(X),56,30,0.8,0.4,5154,278,76.7,2.3,1509,170,22.5,2.3,5689,255,(X),(X),38,24,0.7,0.4,5311,230,93.4,1.8,340,110,6,1.8
0500000US27149,27149,"Stevens County, Minnesota",3630,126,(X),(X),3123,135,86,2,2948,134,81.2,2,545,95,15,2.6,2436,155,67.1,3.2,113,49,3.1,1.4,1795,153,49.4,3.7,17,16,0.5,0.4,76,43,2.1,1.2,8,12,0.2,0.3,507,75,14,2,2770,128,76.3,2.9,32,27,0.9,0.7,2738,128,75.4,2.8,1419,144,39.1,3.9,139,50,3.8,1.4,2496,124,68.8,2.7,228,90,6.3,2.5,860,114,23.7,2.9,726,118,(X),(X),3,4,0.4,0.6,464,98,63.9,8.4,259,73,35.7,8.4,1507,147,(X),(X),9,9,0.6,0.6,1029,108,68.3,4.7,469,95,31.1,4.8,1397,100,(X),(X),20,25,1.4,1.7,1245,102,89.1,3,132,40,9.4,2.9
0500000US27151,27151,"Swift County, Minnesota",4217,109,(X),(X),3376,124,80.1,2.1,2975,129,70.5,2.7,708,81,16.8,1.9,2461,115,58.4,2.3,150,56,3.6,1.3,1791,148,42.5,3.3,26,16,0.6,0.4,136,45,3.2,1.1,5,6,0.1,0.1,841,93,19.9,2.1,2978,133,70.6,2.8,77,29,1.8,0.7,2901,135,68.8,2.9,1382,118,32.8,2.5,243,44,5.8,1,2360,130,56,2.8,390,58,9.2,1.3,1239,125,29.4,2.8,777,101,(X),(X),6,5,0.8,0.6,330,74,42.5,8.8,441,93,56.8,8.6,2161,128,(X),(X),56,27,2.6,1.2,1445,127,66.9,4,660,92,30.5,4,1279,93,(X),(X),15,7,1.2,0.6,1126,96,88,3,138,38,10.8,3
0500000US27153,27153,"Todd County, Minnesota",9777,200,(X),(X),7686,205,78.6,1.6,6839,195,69.9,1.8,1877,151,19.2,1.6,5458,202,55.8,1.7,354,72,3.6,0.7,3967,189,40.6,1.7,44,22,0.5,0.2,271,59,2.8,0.6,9,6,0.1,0.1,2091,174,21.4,1.6,6805,188,69.6,1.7,211,40,2.2,0.4,6594,187,67.4,1.7,3760,182,38.5,1.7,1062,120,10.9,1.2,4165,163,42.6,1.7,1373,123,14,1.2,2972,194,30.4,1.7,1626,144,(X),(X),28,16,1.7,1,527,89,32.4,4.5,1071,117,65.9,4.5,5430,242,(X),(X),117,33,2.2,0.6,3741,206,68.9,2.1,1572,140,29,2.2,2721,148,(X),(X),66,22,2.4,0.8,2326,138,85.5,1.8,329,51,12.1,1.8
0500000US27155,27155,"Traverse County, Minnesota",1576,63,(X),(X),1258,76,79.8,3.2,1121,69,71.1,3.5,254,41,16.1,2.6,882,74,56,4.1,47,19,3,1.2,734,71,46.6,3.8,23,17,1.5,1,60,25,3.8,1.6,8,6,0.5,0.4,318,50,20.2,3.2,1105,76,70.1,4.2,26,16,1.6,1,1079,75,68.5,4.2,576,65,36.5,3.9,161,36,10.2,2.3,800,67,50.8,3.9,172,35,10.9,2.3,471,72,29.9,4.2,252,47,(X),(X),0,9,0,6.7,118,33,46.8,10.5,134,38,53.2,10.5,871,82,(X),(X),24,15,2.8,1.7,580,77,66.6,5.9,267,58,30.7,6.1,453,44,(X),(X),2,3,0.4,0.7,381,46,84.1,5.5,70,25,15.5,5.4
0500000US27157,27157,"Wabasha County, Minnesota",8867,207,(X),(X),7469,221,84.2,1.6,6926,244,78.1,2,1527,154,17.2,1.7,5539,231,62.5,2,229,68,2.6,0.8,4259,197,48,2,45,25,0.5,0.3,264,69,3,0.8,3,4,0,0.1,1398,147,15.8,1.6,6809,214,76.8,1.6,94,30,1.1,0.3,6715,218,75.7,1.7,4050,233,45.7,2.4,754,113,8.5,1.3,5142,221,58,2,860,82,9.7,0.9,2058,151,23.2,1.6,1058,147,(X),(X),16,18,1.5,1.7,426,88,40.3,7.3,616,123,58.2,7.1,4408,211,(X),(X),56,21,1.3,0.5,3191,196,72.4,2.6,1161,123,26.3,2.6,3401,189,(X),(X),22,10,0.6,0.3,3098,190,91.1,1.7,281,59,8.3,1.7
0500000US27159,27159,"Wadena County, Minnesota",5704,182,(X),(X),4540,188,79.6,2.5,3922,214,68.8,3.1,1081,109,19,1.9,3161,183,55.4,2.6,191,82,3.3,1.4,2473,194,43.4,2.9,50,29,0.9,0.5,150,48,2.6,0.8,0,14,0,0.3,1164,154,20.4,2.5,4058,187,71.1,2.7,105,41,1.8,0.7,3953,192,69.3,2.8,2095,197,36.7,3.2,409,89,7.2,1.6,3246,203,56.9,2.9,425,81,7.5,1.4,1646,167,28.9,2.7,1033,140,(X),(X),35,34,3.4,3.3,379,91,36.7,6.5,619,102,59.9,7,3278,186,(X),(X),42,28,1.3,0.9,2328,192,71,3.6,908,122,27.7,3.5,1393,120,(X),(X),28,21,2,1.5,1246,123,89.4,3.3,119,40,8.5,2.9
0500000US27161,27161,"Waseca County, Minnesota",7375,164,(X),(X),6467,204,87.7,1.7,5829,215,79,2.2,1220,144,16.5,1.9,4943,236,67,2.7,231,104,3.1,1.4,3875,242,52.5,3,32,24,0.4,0.3,311,103,4.2,1.4,5,5,0.1,0.1,908,122,12.3,1.7,5898,208,80,2,53,22,0.7,0.3,5845,208,79.3,2,3700,233,50.2,2.9,796,130,10.8,1.7,4408,233,59.8,2.8,722,104,9.8,1.4,1477,146,20,2,1094,161,(X),(X),7,7,0.6,0.6,613,139,56,9.3,474,118,43.3,9.2,3687,230,(X),(X),37,18,1,0.5,2836,239,76.9,3.2,814,112,22.1,3.1,2594,170,(X),(X),9,8,0.3,0.3,2396,151,92.4,2.8,189,79,7.3,2.8
0500000US27163,27163,"Washington County, Minnesota",92005,656,(X),(X),86374,666,93.9,0.5,82063,710,89.2,0.5,9679,584,10.5,0.6,72051,903,78.3,0.8,1728,285,1.9,0.3,57514,1002,62.5,1,423,127,0.5,0.1,6665,627,7.2,0.7,70,45,0.1,0.1,5631,443,6.1,0.5,82577,770,89.8,0.7,566,128,0.6,0.1,82011,779,89.1,0.7,55342,1125,60.2,1.2,5976,392,6.5,0.4,73470,906,79.9,0.7,5158,438,5.6,0.5,9428,644,10.2,0.7,5983,531,(X),(X),89,44,1.5,0.7,3829,452,64,4.2,2065,283,34.5,4.1,32066,976,(X),(X),309,101,1,0.3,26333,876,82.1,1.5,5424,535,16.9,1.5,53956,966,(X),(X),168,64,0.3,0.1,51849,941,96.1,0.4,1939,235,3.6,0.4
0500000US27165,27165,"Watonwan County, Minnesota",4327,147,(X),(X),3338,167,77.1,3,2925,159,67.6,3.2,752,126,17.4,2.7,2445,150,56.5,3.4,202,72,4.7,1.6,1722,136,39.8,3.2,13,12,0.3,0.3,132,35,3.1,0.8,0,14,0,0.4,989,136,22.9,3,2750,159,63.6,3.4,41,15,0.9,0.3,2709,161,62.6,3.5,1442,126,33.3,3,471,109,10.9,2.5,1889,168,43.7,3.4,329,65,7.6,1.5,1577,164,36.4,3.4,757,114,(X),(X),0,14,0,2.3,305,81,40.3,8.3,452,86,59.7,8.3,2276,166,(X),(X),30,11,1.3,0.5,1308,158,57.5,5.5,938,142,41.2,5.4,1294,115,(X),(X),11,8,0.9,0.6,1096,100,84.7,4.2,187,58,14.5,4
0500000US27167,27167,"Wilkin County, Minnesota",2852,68,(X),(X),2316,124,81.2,4.1,2080,116,72.9,3.8,499,87,17.5,3,1680,114,58.9,4,69,38,2.4,1.3,1358,103,47.6,3.7,4,4,0.1,0.1,130,58,4.6,2,0,12,0,0.6,536,118,18.8,4.1,2075,125,72.8,4.1,22,14,0.8,0.5,2053,125,72,4.1,1232,114,43.2,3.8,253,56,8.9,2,1588,124,55.7,4.1,207,50,7.3,1.7,777,119,27.2,4.1,521,93,(X),(X),0,12,0,3.3,234,61,44.9,10.6,287,83,55.1,10.6,1447,129,(X),(X),20,14,1.4,1,1007,114,69.6,5.8,420,98,29,5.8,884,84,(X),(X),2,3,0.2,0.3,812,84,91.9,4,70,36,7.9,4
0500000US27169,27169,"Winona County, Minnesota",19228,301,(X),(X),16735,353,87,1,15646,369,81.4,1.3,3064,264,15.9,1.3,12744,356,66.3,1.5,411,109,2.1,0.6,9890,345,51.4,1.6,92,58,0.5,0.3,480,124,2.5,0.6,28,26,0.1,0.1,2493,186,13,1,15459,369,80.4,1.4,143,48,0.7,0.2,15316,361,79.7,1.4,8541,382,44.4,2,993,149,5.2,0.8,13266,381,69,1.6,1095,153,5.7,0.8,3769,280,19.6,1.4,3257,300,(X),(X),6,4,0.2,0.1,1862,258,57.2,5.4,1389,206,42.6,5.4,9593,420,(X),(X),83,44,0.9,0.5,7544,396,78.6,2.1,1966,213,20.5,2.1,6378,301,(X),(X),54,23,0.8,0.4,5910,293,92.7,1.6,414,102,6.5,1.5
0500000US27171,27171,"Wright County, Minnesota",46568,394,(X),(X),42651,489,91.6,0.7,39698,528,85.2,1,5453,428,11.7,0.9,35110,587,75.4,1.1,975,242,2.1,0.5,27728,786,59.5,1.6,293,130,0.6,0.3,1914,293,4.1,0.6,33,43,0.1,0.1,3917,346,8.4,0.7,39078,597,83.9,1.3,429,99,0.9,0.2,38649,618,83,1.3,24809,755,53.3,1.6,3816,390,8.2,0.8,32652,637,70.1,1.4,3519,335,7.6,0.7,7490,603,16.1,1.3,3890,368,(X),(X),46,49,1.2,1.2,1904,258,48.9,5.1,1940,274,49.9,5.1,18652,745,(X),(X),225,61,1.2,0.3,14491,712,77.7,2.2,3936,442,21.1,2.2,24026,762,(X),(X),158,62,0.7,0.3,22254,743,92.6,1.1,1614,273,6.7,1.1
0500000US27173,27173,"Yellow Medicine County, Minnesota",4157,119,(X),(X),3458,128,83.2,2.1,3136,127,75.4,2.2,715,83,17.2,2,2543,135,61.2,2.8,158,46,3.8,1.1,1923,130,46.3,3,12,10,0.3,0.2,114,29,2.7,0.7,8,6,0.2,0.1,699,91,16.8,2.1,3091,123,74.4,2.2,61,21,1.5,0.5,3030,122,72.9,2.3,1726,112,41.5,2.6,388,66,9.3,1.5,2097,132,50.4,3,496,65,11.9,1.5,1066,100,25.6,2.2,665,89,(X),(X),17,12,2.6,1.9,283,60,42.6,7.3,365,72,54.9,7.4,2159,145,(X),(X),36,18,1.7,0.8,1557,117,72.1,2.8,566,73,26.2,2.7,1333,107,(X),(X),8,7,0.6,0.5,1190,103,89.3,2.5,135,34,10.1,2.5
